版本归属,开始ET,结束ET,职能,材料名JP,材料名EN,材料名CN,类型,类型CN,等级,地区JP,地区EN,地区CN,靠近水晶,靠近水晶CN,具体坐标,图片,patch
晓月,10,12,采掘,不定性緑色片岩,Prime Chloroschist,不定性绿片岩,普通精选,普通精选,90,ラヴィリンソス,Labyrinthos,迷津,第三个水晶,,"[11.15,21.42]",400,6.4
晓月,22,24,采掘,不定性緑色片岩,Prime Chloroschist,不定性绿片岩,普通精选,普通精选,90,ラヴィリンソス,Labyrinthos,迷津,第三个水晶,,"[11.15,21.42]",400,6.4
晓月,10,12,采掘,昇華緑色片岩,Sublime Chloroschist,升华绿片岩,高难精选,高难精选,90,ラヴィリンソス,Labyrinthos,迷津,第三个水晶,,"[11.15,21.42]",400,6.4
晓月,22,24,采掘,昇華緑色片岩,Sublime Chloroschist,升华绿片岩,高难精选,高难精选,90,ラヴィリンソス,Labyrinthos,迷津,第三个水晶,,"[11.15,21.42]",400,6.4
晓月,6,8,采掘,マグヘマイト,Maghemite,磁赤铁矿,传说3星,传说3星,90,サベネア島,Thavnair,萨维奈岛,第三个水晶,,"[24.46,13.07]",932,6.4
晓月,18,20,采掘,マグヘマイト,Maghemite,磁赤铁矿,传说3星,传说3星,90,サベネア島,Thavnair,萨维奈岛,第三个水晶,,"[24.46,13.08]",932,6.4
晓月,4,6,采掘,軟銀鉱,Softsilver Ore,软银矿,传说3星,传说3星,90,ウルティマ・トゥーレ,Ultima Thule,天外天垓,第一个水晶,,"[16.98,29,39]",933,6.4
晓月,16,18,采掘,軟銀鉱,Softsilver Ore,软银矿,传说3星,传说3星,90,ウルティマ・トゥーレ,Ultima Thule,天外天垓,第一个水晶,,"[16.98,29,40]",933,6.4
晓月,8,10,采掘,スポジュメン原石,Raw Spodumene,紫锂辉石原石,传说3星,传说3星,90,エルピス,Elpis,厄尔庇斯,第一个水晶,,"[30.29,18.3]",934,6.4
晓月,20,22,采掘,スポジュメン原石,Raw Spodumene,紫锂辉石原石,传说3星,传说3星,90,エルピス,Elpis,厄尔庇斯,第一个水晶,,"[30.29,18.4]",934,6.4
晓月,10,12,园艺,アブラナ,Field Mustard,油菜花,传说3星,传说3星,90,ガレマルド,Garlemald,加雷马,第一个水晶,,"[17.78, 12.49]",935,6.4
晓月,22,24,园艺,アブラナ,Field Mustard,油菜花,传说3星,传说3星,90,ガレマルド,Garlemald,加雷马,第一个水晶,,"[17.78, 12.50]",935,6.4
晓月,0,2,园艺,ラヴィングフラワー,Lovingbloom,爱情花,传说3星,传说3星,90,嘆きの海,Mare Lamentorum,叹息海,第二个水晶,,"[25.88,20.42]",936,6.4
晓月,12,14,园艺,ラヴィングフラワー,Lovingbloom,爱情花,传说3星,传说3星,90,嘆きの海,Mare Lamentorum,叹息海,第二个水晶,,"[25.88,20.43]",936,6.4
晓月,2,4,园艺,ブラックチェリー原木,Dark Cherry Log,暗樱原木,传说3星,传说3星,90,ラヴィリンソス,Labyrinthos,迷津,第二个水晶,,"[19.06,35.93]",937,6.4
晓月,14,16,园艺,ブラックチェリー原木,Dark Cherry Log,暗樱原木,传说3星,传说3星,90,ラヴィリンソス,Labyrinthos,迷津,第二个水晶,,"[19.06,35.94]",937,6.4
晓月,0,2,采掘,極硬水,Stonehard Water,极硬水,传说,传说,90,ガレマルド,Garlemald,加雷马,第一个水晶,,"[32.17, 34.89]",834,0
晓月,0,2,采掘,北州苦灰石,Rime Dolomite,北洲苦灰石,传说1星,传说1星,90,ガレマルド,Garlemald,加雷马,第一个水晶,,"[32.17, 34.89]",834,0
晓月,0,2,园艺,収集用のエルダーナツメグ,Rarefied Elder Nutmeg,收藏用古代肉豆蔻,紫票收藏品,紫票收藏品,90,エルピス,Elpis,厄尔庇斯,第三个水晶,,"[24.98, 5.64]",853,0
晓月,0,2,园艺,ミロバラン,Haritaki,诃子,传说2星,传说2星,90,サベネア島,Thavnair,萨维奈岛,第一个水晶,,"[29.13,26.87]",627,6.2
晓月,0,2,采掘,不定性鉄隕石,Prime Siderite,不定性铁陨石,高难精选,高难精选,90,ガレマルド,Garlemald,加雷马,第一个水晶,,"[32.17, 34.89]",834,6.2
晓月,0,2,采掘,エブラーナダンビュライト原石,Raw Eblan Danburite,艾布拉纳赛黄晶原石,传说1星,传说1星,90,ガレマルド,Garlemald,加雷马,第一个水晶,,"[32.17, 34.89]",834,0
晓月,0,2,园艺,収集用のシューコン,Rarefied Sykon,收藏用无花果,白票收藏品,白票收藏品,87,エルピス,Elpis,厄尔庇斯,第三个水晶,,"[24.98, 5.64]",853,0
晓月,0,2,采掘,収集用の北洋岩塩,Rarefied Sharlayan Rock Salt,收藏用北洋岩盐,白票收藏品,白票收藏品,85,ラヴィリンソス,Labyrinthos,迷津,第一个水晶,,"[32.51, 21.26]",829,0
晓月,0,2,采掘,収集用のアメトリン原石,Rarefied Raw Ametrine,收藏用紫黄晶原石,白票收藏品,白票收藏品,81,ラヴィリンソス,Labyrinthos,迷津,第一个水晶,,"[32.51, 21.26]",829,0
漆黑,0,2,采掘,オニキス原石,Raw Onyx,黑玛瑙原石,普通时限，未知点,普通时限，未知点,80,テンペスト,The Tempest,黑风海,,,"[15.99, 21.64]",608,0
漆黑,0,2,园艺,テンダーイノンド,Tender Dill,柔嫩茴香,传说2星,传说2星,80,コルシア島,Kholusia,珂露西亚岛,,,"[28.45, 21.18]",684,0
漆黑,0,2,园艺,レガリスゼンマイ,Imperial Fern,帝王蕨菜,传说2星,传说2星,80,コルシア島,Kholusia,珂露西亚岛,,,"[28.45, 21.18]",684,0
漆黑,0,2,园艺,収集用のウルンダイ原木,Rarefied Urunday Log,收藏用乌仑代硬木原木,白票收藏品,白票收藏品,80,ギラバニア山岳地帯,The Peaks,基拉巴尼亚山区,,,"[30.61, 6.85]",777,0
漆黑,0,2,园艺,ハードワットル樹皮,Wattle Petribark,硬质金合欢树皮,传说3星,传说3星,80,レイクランド,Lakeland,雷克兰德,,,"[5.24, 26.56]",761,0
漆黑,0,2,园艺,ミストスピナッチ,Mist Spinach,迷雾菠菜,普通时限，未知点,普通时限，未知点,78,ラケティカ大森林,The Rak'tika Greatwood,拉凯提卡大森林,,,"[34.73, 21.56]",631,0
漆黑,0,2,采掘,トリプライト原石,Raw Triplite,三重石原石,普通时限，未知点,普通时限，未知点,76,アム・アレーン,Amh Araeng,安穆·艾兰,,,"[20.0, 28.99]",606,0
漆黑,0,2,园艺,ブロードビーン,Broad Beans,蚕豆,普通时限，未知点,普通时限，未知点,72,イル・メグ,Il Mheg,伊尔美格,,,"[24.88, 36.83]",628,0
红莲,0,2,园艺,藍麻,Rhea,苎麻,传说1星,传说1星,70,アジムステップ,The Azim Steppe,太阳神草原,,,"[19.72, 9.79]",528,0
红莲,0,2,园艺,アジム綿花,Azim Cotton Boll,太阳棉,传说1星,传说1星,70,アジムステップ,The Azim Steppe,太阳神草原,,,"[19.72, 9.79]",528,0
红莲,0,2,采掘,岩鉄,Gyr Abanian Ore,岩铁,传说3星,传说3星,70,ギラバニア辺境地帯,The Fringes,基拉巴尼亚边区,,,"[27.37, 30.25]",555,0
红莲,0,2,园艺,収集用のパイン原木,Rarefied Pine Log,收藏用松木原木,白票收藏品,白票收藏品,69,ヤンサ,Yanxia,延夏,,,"[18.7, 14.37]",772,0
红莲,0,2,园艺,収集用の松脂,Rarefied Pine Resin,收藏用松脂,白票收藏品,白票收藏品,67,ヤンサ,Yanxia,延夏,,,"[18.7, 14.37]",772,0
红莲,0,2,采掘,スタースピネル原石,Raw Star Spinel,星尖石原石,普通时限，未知点,普通时限，未知点,63,紅玉海,The Ruby Sea,红玉海,,,"[14.91, 5.04]",498,0
苍天,0,2,采掘,アストラルグラベル,Astral Moraine,星砂砾,传说1星,传说1星,60,クルザス西部高地,Coerthas Western Highlands,库尔札斯西部高地,,,"[37.05, 16.29]",321,0
苍天,0,2,采掘,バイオレットクォーツ,Violet Quartz,青紫石英,传说1星,传说1星,60,クルザス西部高地,Coerthas Western Highlands,库尔札斯西部高地,,,"[37.05, 16.29]",321,0
苍天,0,2,园艺,スイートアーモンド,Honeydew Almonds,甜扁桃,传说1星,传说1星,60,アバラシア雲海,The Sea of Clouds,阿巴拉提亚云海,,,"[21.16, 4.45]",348,0
苍天,0,2,园艺,チーク原木,Teak Log,柚木原木,传说3星,传说3星,60,低地ドラヴァニア,The Dravanian Hinterlands,龙堡内陆低地,,,"[5.84, 27.32]",292,0
苍天,0,2,园艺,収集用のダークチェスナット樹脂,Rarefied Dark Chestnut Resin,收藏用暗栗木树脂,白票收藏品,白票收藏品,59,高地ドラヴァニア,The Dravanian Forelands,龙堡参天高地,,,"[14.74, 36.15]",769,0
苍天,0,2,采掘,アダマン鉱,Adamantite Ore,精金矿,普通时限，未知点,普通时限，未知点,57,アジス・ラー,Azys Lla,魔大陆阿济兹拉,,,"[22.74, 3.99]",320,0
苍天,0,2,园艺,収集用のダークマロン,Rarefied Dark Chestnut,收藏用毛栗子,白票收藏品,白票收藏品,57,高地ドラヴァニア,The Dravanian Forelands,龙堡参天高地,,,"[14.74, 36.15]",769,0
苍天,0,2,园艺,ドラヴァニアミスルトゥ,Dravanian Mistletoe,龙堡槲寄生,普通时限，未知点,普通时限，未知点,54,ドラヴァニア雲海,The Churning Mists,翻云雾海,,,"[25.04, 7.02]",341,0
苍天,0,2,园艺,ポルチーニ,Porcini,牛肝菌,普通时限，未知点,普通时限，未知点,51,ドラヴァニア雲海,The Churning Mists,翻云雾海,,,"[25.04, 7.02]",341,0
红莲,0,2,采掘,アラミゴ塩,Ala Mhigan Salt Crystal,阿拉米格盐,水晶,水晶,26,ギラバニア湖畔地帯,The Lochs,基拉巴尼亚湖区,,,"[21.2, 28.95]",502,0
晓月,0,4,采掘,アースクォーツ,Earthen Quartz,土之石英,精选地鸣灵砂,精选地鸣灵砂,90,嘆きの海,Mare Lamentorum,叹息海,第一个水晶,,"[21.6,34.7]",827,6.3
晓月,0,4,采掘,ルナクォーツ,Lunar Quartz,月石英,精选晓月灵砂,精选晓月灵砂,86,嘆きの海,Mare Lamentorum,叹息海,第一个水晶,,"[21.68, 34.73]",827,0
漆黑,0,4,采掘,轟雷性岩,Thunder Rock,轰雷性岩,精选雷鸣灵砂,精选雷鸣灵砂,80,ラケティカ大森林,The Rak'tika Greatwood,拉凯提卡大森林,,,"[22.48, 11.87]",597,0
漆黑,0,4,采掘,嵐性岩,Gale Rock,暴风岩,精选闪光灵砂,精选闪光灵砂,76,ラケティカ大森林,The Rak'tika Greatwood,拉凯提卡大森林,,,"[22.48, 11.87]",597,0
红莲,0,4,采掘,アルマンディン,Almandine,贵榴石,普通时限，精选点,普通时限，精选点,70,ギラバニア湖畔地帯,The Lochs,基拉巴尼亚湖区,,,"[13.25, 27.39]",494,0
红莲,0,4,采掘,ロードライト,Rhodolite,玫瑰榴石,精选夜光灵砂,精选夜光灵砂,70,ギラバニア湖畔地帯,The Lochs,基拉巴尼亚湖区,,,"[13.25, 27.39]",494,0
红莲,0,4,采掘,ヤンサ沃土,Yanxian Soil,延夏沃土,精选黄昏灵砂,精选黄昏灵砂,70,ギラバニア湖畔地帯,The Lochs,基拉巴尼亚湖区,,,"[13.25, 27.39]",494,0
苍天,0,4,园艺,クラリーセージ,Clary Sage,鼠尾草,普通时限，精选点,普通时限，精选点,60,クルザス西部高地,Coerthas Western Highlands,库尔札斯西部高地,,,"[24.75, 28.64]",329,0
苍天,0,4,园艺,ワイルドセージ,Wild Sage,野生鼠尾草,精选大树灵砂,精选大树灵砂,60,クルザス西部高地,Coerthas Western Highlands,库尔札斯西部高地,,,"[24.75, 28.64]",329,0
苍天,0,4,园艺,メネフィナローレル,Lover's Laurel,梅茵菲娜月桂,精选白光灵砂,精选白光灵砂,60,クルザス西部高地,Coerthas Western Highlands,库尔札斯西部高地,,,"[24.75, 28.64]",329,0
苍天,0,4,园艺,スペアミント,Furymint,留兰,普通时限，精选点,普通时限，精选点,58,クルザス西部高地,Coerthas Western Highlands,库尔札斯西部高地,,,"[24.75, 28.64]",329,0
苍天,0,4,园艺,ウォーターミント,Water Mint,水薄荷,精选晓光灵砂,精选晓光灵砂,58,クルザス西部高地,Coerthas Western Highlands,库尔札斯西部高地,,,"[24.75, 28.64]",329,0
苍天,0,4,园艺,オレガノ,Highland Oregano,牛至,普通时限，精选点,普通时限，精选点,56,クルザス西部高地,Coerthas Western Highlands,库尔札斯西部高地,,,"[24.75, 28.64]",329,0
苍天,0,4,园艺,ポットマジョラム,Pot Marjoram,盆栽墨角兰,精选微光灵砂,精选微光灵砂,56,クルザス西部高地,Coerthas Western Highlands,库尔札斯西部高地,,,"[24.75, 28.64]",329,0
苍天,0,4,园艺,ウィンドクラスター,Wind Cluster,风之晶簇,晶簇,晶簇,50,クルザス西部高地,Coerthas Western Highlands,库尔札斯西部高地,,,"[24.75, 28.64]",329,0
红莲,0,4,采掘,アイスクラスター,Ice Cluster,冰之晶簇,晶簇,晶簇,50,ギラバニア湖畔地帯,The Lochs,基拉巴尼亚湖区,,,"[13.25, 27.39]",494,0
漆黑,0,4,采掘,ウォータークラスター,Water Cluster,水之晶簇,晶簇,晶簇,50,ラケティカ大森林,The Rak'tika Greatwood,拉凯提卡大森林,,,"[22.48, 11.87]",597,0
晓月,0,4,采掘,アースクラスター,Earth Cluster,土之晶簇,晶簇,晶簇,50,嘆きの海,Mare Lamentorum,叹息海,第一个水晶,,"[21.68, 34.73]",827,0
苍天,0,4,园艺,ウィンドクリスタル,Wind Crystal,风之水晶,水晶,水晶,26,クルザス西部高地,Coerthas Western Highlands,库尔札斯西部高地,,,"[24.75, 28.64]",329,0
红莲,0,4,采掘,アイスクリスタル,Ice Crystal,冰之水晶,水晶,水晶,26,ギラバニア湖畔地帯,The Lochs,基拉巴尼亚湖区,,,"[13.25, 27.39]",494,0
漆黑,0,4,采掘,ウォータークリスタル,Water Crystal,水之水晶,水晶,水晶,26,ラケティカ大森林,The Rak'tika Greatwood,拉凯提卡大森林,,,"[22.48, 11.87]",597,0
晓月,0,4,采掘,アースクリスタル,Earth Crystal,土之水晶,水晶,水晶,26,嘆きの海,Mare Lamentorum,叹息海,第一个水晶,,"[21.68, 34.73]",827,0
新生,1,4,园艺,ファイアクラスター,Fire Cluster,火之晶簇,晶簇,晶簇,50,モードゥナ,Mor Dhona,摩杜纳,,,"[32.11, 13.55]",215,0
新生,1,4,园艺,アイスクラスター,Ice Cluster,冰之晶簇,晶簇,晶簇,50,モードゥナ,Mor Dhona,摩杜纳,,,"[32.11, 13.55]",215,0
新生,1,4,园艺,ウィンドクラスター,Wind Cluster,风之晶簇,晶簇,晶簇,50,モードゥナ,Mor Dhona,摩杜纳,,,"[32.11, 13.55]",215,0
新生,1,4,园艺,アースクラスター,Earth Cluster,土之晶簇,晶簇,晶簇,50,モードゥナ,Mor Dhona,摩杜纳,,,"[32.11, 13.55]",215,0
新生,1,4,园艺,ライトニングクラスター,Lightning Cluster,雷之晶簇,晶簇,晶簇,50,モードゥナ,Mor Dhona,摩杜纳,,,"[32.11, 13.55]",215,0
新生,1,4,园艺,ウォータークラスター,Water Cluster,水之晶簇,晶簇,晶簇,50,モードゥナ,Mor Dhona,摩杜纳,,,"[32.11, 13.55]",215,0
新生,1,4,园艺,無属性クリスタル,Unaspected Crystal,无属性水晶,传说1星,传说1星,50,モードゥナ,Mor Dhona,摩杜纳,,,"[32.11, 13.55]",215,0
新生,1,4,园艺,ダークマタークラスター,Dark Matter Cluster,暗物质晶簇,传说2星,传说2星,50,モードゥナ,Mor Dhona,摩杜纳,,,"[32.11, 13.55]",215,0
新生,1,4,园艺,生マユ,Silkworm Cocoon,蚕茧,传说1星,传说1星,50,黒衣森：東部森林,East Shroud,黑衣森林东部林区,,,"[22.0, 26.46]",216,0
新生,1,4,园艺,マズラヤの野草,Mazlaya Greens,马兹拉雅草,传说1星,传说1星,50,黒衣森：東部森林,East Shroud,黑衣森林东部林区,,,"[22.0, 26.46]",216,0
新生,1,4,园艺,無属性クリスタル,Unaspected Crystal,无属性水晶,传说1星,传说1星,50,黒衣森：東部森林,East Shroud,黑衣森林东部林区,,,"[22.0, 26.46]",216,0
新生,1,4,园艺,ダークマタークラスター,Dark Matter Cluster,暗物质晶簇,传说2星,传说2星,50,黒衣森：東部森林,East Shroud,黑衣森林东部林区,,,"[22.0, 26.46]",216,0
新生,1,4,采掘,闇鉄鉱,Darksteel Ore,玄铁矿,传说1星,传说1星,50,クルザス中央高地,Coerthas Central Highlands,库尔札斯中央高地,,,"[27.61, 19.96]",222,0
新生,1,4,采掘,グレガリアスワーム,Gregarious Worm,群居蠕虫,传说2星,传说2星,50,クルザス中央高地,Coerthas Central Highlands,库尔札斯中央高地,,,"[27.61, 19.96]",222,0
新生,1,4,采掘,無属性クリスタル,Unaspected Crystal,无属性水晶,传说1星,传说1星,50,クルザス中央高地,Coerthas Central Highlands,库尔札斯中央高地,,,"[27.61, 19.96]",222,0
新生,1,4,采掘,ダークマタークラスター,Dark Matter Cluster,暗物质晶簇,传说2星,传说2星,50,クルザス中央高地,Coerthas Central Highlands,库尔札斯中央高地,,,"[27.61, 19.96]",222,0
新生,1,4,采掘,パミスストーン,Pumice,浮石,传说3星,传说3星,50,東ラノシア,Eastern La Noscea,东拉诺西亚,,,"[17.56, 27.53]",250,0
晓月,2,4,采掘,収集用のエブラーナアルメン,Rarefied Eblan Alumen,收藏用艾布拉纳明矾,紫票收藏品,紫票收藏品,90,ガレマルド,Garlemald,加雷马,第一个水晶,,"[12.79, 21.9]",831,0
晓月,2,4,采掘,極硬水,Stonehard Water,极硬水,传说,传说,90,嘆きの海,Mare Lamentorum,叹息海,第一个水晶,,"[9.53, 23.34]",835,0
晓月,2,4,采掘,ルナアダマン鉱,Lunar Adamantite Ore,月精金矿,传说1星,传说1星,90,嘆きの海,Mare Lamentorum,叹息海,第一个水晶,,"[9.53, 23.34]",835,0
晓月,2,4,园艺,パルダオ原木,Paldao Log,仁面木原木,传说2星,传说2星,90,エルピス,Elpis,厄尔庇斯,第二个水晶,,"[9.83,29.85]",463,6.2
晓月,2,4,园艺,不定性スポンゴス茸,,不定性海绵菇,高难精选,高难精选,90,エルピス,Elpis,厄尔庇斯,第二个水晶,,"[9.83,29.85]",463,6.3
晓月,2,4,采掘,収集用のフリギアンゴールド鉱,Rarefied Phrygian Gold Ore,收藏用弗里金矿,白票收藏品,白票收藏品,87,ガレマルド,Garlemald,加雷马,第一个水晶,,"[12.79, 21.9]",831,0
晓月,2,4,园艺,収集用のココナッツ,Rarefied Coconut,收藏用椰子,白票收藏品,白票收藏品,85,サベネア島,Thavnair,萨维奈岛,第二个水晶,,"[14.39, 14.53]",851,0
晓月,2,4,园艺,収集用のパーム原木,Rarefied Palm Log,收藏用棕榈原木,白票收藏品,白票收藏品,81,サベネア島,Thavnair,萨维奈岛,第二个水晶,,"[14.39, 14.53]",851,0
漆黑,2,4,采掘,収集用のタングステン鉱,Rarefied Tungsten Ore,收藏用重钨矿,白票收藏品,白票收藏品,80,テンペスト,The Tempest,黑风海,,,"[32.73, 20.58]",766,0
漆黑,2,4,园艺,サンダルウッド原木,Sandalwood Log,檀香木原木,传说1星,传说1星,80,ラケティカ大森林,The Rak'tika Greatwood,拉凯提卡大森林,,,"[24.74, 36.94]",633,0
漆黑,2,4,园艺,サンダルウッド樹液,Sandalwood Sap,檀香木树液,传说1星,传说1星,80,ラケティカ大森林,The Rak'tika Greatwood,拉凯提卡大森林,,,"[24.74, 36.94]",633,0
漆黑,2,4,采掘,金錫鉱,Brashgold Ore,金锡矿,传说2星,传说2星,80,レイクランド,Lakeland,雷克兰德,,,"[4.74, 34.01]",681,0
漆黑,2,4,采掘,輝コバルト鉱,Fireheart Cobalt,辉钴铁矿,传说2星,传说2星,80,レイクランド,Lakeland,雷克兰德,,,"[4.74, 34.01]",681,0
漆黑,2,4,园艺,収集用のアンバークローヴ,Rarefied Amber Cloves,收藏用琥珀丁香,白票收藏品,白票收藏品,80,アム・アレーン,Amh Araeng,安穆·艾兰,,,"[18.6, 20.52]",775,0
漆黑,2,4,采掘,白夜結晶,Solstice Stone,白夜结晶,传说3星,传说3星,80,イル・メグ,Il Mheg,伊尔美格,,,"[35.71, 8.71]",759,0
漆黑,2,4,采掘,収集用の海底岩,Rarefied Reef Rock,收藏用海底岩,白票收藏品,白票收藏品,79,テンペスト,The Tempest,黑风海,,,"[32.73, 20.58]",766,0
漆黑,2,4,园艺,収集用のサンドチーク原木,Rarefied Sandteak Log,收藏用沙柚木原木,白票收藏品,白票收藏品,77,アム・アレーン,Amh Araeng,安穆·艾兰,,,"[18.6, 20.52]",775,0
红莲,2,4,采掘,トリフェーン原石,Raw Triphane,锂辉石原石,传说2星,传说2星,70,ギラバニア辺境地帯,The Fringes,基拉巴尼亚边区,,,"[25.26, 8.29]",497,0
红莲,2,4,园艺,オサードプラム,Othardian Plum,奥萨德梅,普通时限，未知点,普通时限，未知点,70,アジムステップ,The Azim Steppe,太阳神草原,,,"[27.19, 16.29]",523,0
红莲,2,4,园艺,真麻,Hingan Flax,真麻,传说2星,传说2星,70,ギラバニア山岳地帯,The Peaks,基拉巴尼亚山区,,,"[24.74, 36.11]",538,0
红莲,2,4,园艺,延夏綿,Yanxian Cotton Boll,延夏棉,传说3星,传说3星,70,ヤンサ,Yanxia,延夏,,,"[28.35, 35.37]",558,0
漆黑,2,4,采掘,ヘマタイト原石,Raw Hematite,乌钢石原石,传说2星,传说2星,70,コルシア島,Kholusia,珂露西亚岛,,,"[33.97, 23.22]",603,0
红莲,2,4,园艺,収集用のラーチ樹液,Rarefied Larch Sap,收藏用落叶松树液,白票收藏品,白票收藏品,65,紅玉海,The Ruby Sea,红玉海,,,"[5.96, 15.77]",770,0
红莲,2,4,园艺,収集用のラーチ原木,Rarefied Larch Log,收藏用落叶松原木,白票收藏品,白票收藏品,61,紅玉海,The Ruby Sea,红玉海,,,"[5.96, 15.77]",770,0
苍天,2,4,采掘,皇金鉱,Aurum Regis Ore,皇金矿,传说1星,传说1星,60,ドラヴァニア雲海,The Churning Mists,翻云雾海,,,"[7.87, 36.61]",323,0
苍天,2,4,采掘,光霊銀鉱,Lumythrite Ore,光银矿,传说1星,传说1星,60,ドラヴァニア雲海,The Churning Mists,翻云雾海,,,"[7.87, 36.61]",323,0
苍天,2,4,园艺,ワットル樹皮,Wattle Bark,金合欢树皮,传说1星,传说1星,60,アジス・ラー,Azys Lla,魔大陆阿济兹拉,,,"[21.98, 7.38]",350,0
苍天,2,4,采掘,重石華,Tungstite,钨华,传说3星,传说3星,60,クルザス西部高地,Coerthas Western Highlands,库尔札斯西部高地,,,"[8.54, 7.72]",289,0
苍天,2,4,采掘,収集用の皇金砂,Rarefied Aurum Regis Sand,收藏用皇金沙,白票收藏品,白票收藏品,59,アバラシア雲海,The Sea of Clouds,阿巴拉提亚云海,,,"[19.46, 9.93]",308,0
苍天,2,4,采掘,収集用のアバラシア天然水,Rarefied Abalathian Spring Water,收藏用阿巴拉提亚天然水,白票收藏品,白票收藏品,57,アバラシア雲海,The Sea of Clouds,阿巴拉提亚云海,,,"[19.46, 9.93]",308,0
苍天,2,4,园艺,オールドワールドフィグ,Old World Fig,旧世界无花果,传说3星,传说3星,50,高地ドラヴァニア,The Dravanian Forelands,龙堡参天高地,,,"[25.76, 11.76]",340,0
苍天,2,4,园艺,オールドワールドフィグの種,Old World Fig Seeds,旧世界无花果种子,传说3星,传说3星,50,高地ドラヴァニア,The Dravanian Forelands,龙堡参天高地,,,"[25.76, 11.76]",340,0
苍天,2,4,园艺,ダークマタークラスター,Dark Matter Cluster,暗物质晶簇,传说2星,传说2星,50,高地ドラヴァニア,The Dravanian Forelands,龙堡参天高地,,,"[25.76, 11.76]",340,0
新生,2,5,园艺,ティノルカ茶葉,Shroud Tea Leaves,提诺尔卡茶叶,传说2星,传说2星,50,黒衣森：中央森林,Central Shroud,黑衣森林中央林区,,,"[15.91, 20.5]",233,0
新生,2,5,园艺,マズラヤの野草,Mazlaya Greens,马兹拉雅草,传说1星,传说1星,50,黒衣森：中央森林,Central Shroud,黑衣森林中央林区,,,"[15.91, 20.5]",233,0
新生,2,5,园艺,無属性クリスタル,Unaspected Crystal,无属性水晶,传说1星,传说1星,50,黒衣森：中央森林,Central Shroud,黑衣森林中央林区,,,"[15.91, 20.5]",233,0
新生,2,5,园艺,ダークマタークラスター,Dark Matter Cluster,暗物质晶簇,传说2星,传说2星,50,黒衣森：中央森林,Central Shroud,黑衣森林中央林区,,,"[15.91, 20.5]",233,0
新生,2,5,园艺,黒衣香木,Fragrant Log,黑衣香木,传说1星,传说1星,50,黒衣森：南部森林,South Shroud,黑衣森林南部林区,,,"[17.5, 23.08]",242,0
新生,2,5,园艺,無属性クリスタル,Unaspected Crystal,无属性水晶,传说1星,传说1星,50,黒衣森：南部森林,South Shroud,黑衣森林南部林区,,,"[17.5, 23.08]",242,0
新生,2,5,园艺,ダークマタークラスター,Dark Matter Cluster,暗物质晶簇,传说2星,传说2星,50,黒衣森：南部森林,South Shroud,黑衣森林南部林区,,,"[17.5, 23.08]",242,0
新生,2,5,采掘,強霊性岩,Antumbral Rock,强灵性岩,传说2星,传说2星,50,東ザナラーン,Eastern Thanalan,东萨纳兰,,,"[26.87, 18.56]",246,0
新生,3,6,园艺,緋樹液,Scarlet Sap,绯红树汁,传说2星,传说2星,50,黒衣森：北部森林,North Shroud,黑衣森林北部林区,,,"[16.62, 27.61]",230,0
新生,3,6,园艺,無属性クリスタル,Unaspected Crystal,无属性水晶,传说1星,传说1星,50,黒衣森：北部森林,North Shroud,黑衣森林北部林区,,,"[16.62, 27.61]",230,0
新生,3,6,园艺,ダークマタークラスター,Dark Matter Cluster,暗物质晶簇,传说2星,传说2星,50,黒衣森：北部森林,North Shroud,黑衣森林北部林区,,,"[16.62, 27.61]",230,0
新生,3,6,采掘,鉄重石,Ferberite,钨铁矿,传说2星,传说2星,50,北ザナラーン,Northern Thanalan,北萨纳兰,,,"[17.34, 20.18]",236,0
新生,3,6,采掘,アイオライト原石,Raw Iolite,堇青石原石,传说2星,传说2星,50,北ザナラーン,Northern Thanalan,北萨纳兰,,,"[17.34, 20.18]",236,0
新生,3,6,采掘,トパーズ原石,Raw Topaz,黄玉原石,传说2星,传说2星,50,北ザナラーン,Northern Thanalan,北萨纳兰,,,"[17.34, 20.18]",236,0
新生,3,6,采掘,グレガリアスワーム,Gregarious Worm,群居蠕虫,传说2星,传说2星,50,北ザナラーン,Northern Thanalan,北萨纳兰,,,"[17.34, 20.18]",236,0
新生,3,6,采掘,無属性クリスタル,Unaspected Crystal,无属性水晶,传说1星,传说1星,50,北ザナラーン,Northern Thanalan,北萨纳兰,,,"[17.34, 20.18]",236,0
新生,3,6,采掘,ダークマタークラスター,Dark Matter Cluster,暗物质晶簇,传说2星,传说2星,50,北ザナラーン,Northern Thanalan,北萨纳兰,,,"[17.34, 20.18]",236,0
晓月,4,6,采掘,収集用の白目鉱,Rarefied Pewter Ore,收藏用白镴矿,紫票收藏品,紫票收藏品,90,サベネア島,Thavnair,萨维奈岛,第三个水晶,,"[32.43, 24.96]",833,0
晓月,4,6,采掘,極硬水,Stonehard Water,极硬水,传说,传说,90,エルピス,Elpis,厄尔庇斯,第一个水晶,,"[13.57, 7.19]",836,0
晓月,4,6,采掘,ロジウム砂,Rhodium Sand,铑金沙,传说1星,传说1星,90,エルピス,Elpis,厄尔庇斯,第三个水晶,,"[13.57, 7.19]",836,0
晓月,4,6,园艺,渋木,Bayberry,杨梅,传说2星,传说2星,90,ラヴィリンソス,Labyrinthos,迷津,第一个水晶,,"[28.15,11.41]",695,6.2
晓月,4,6,园艺,朝霧の樹皮,Mornveil Tree Bark,晨雾树皮,传说2星,传说2星,90,ラヴィリンソス,Labyrinthos,迷津,第一个水晶,,"[28.15,11.41]",695,6.3
晓月,4,6,园艺,収集用のレッドパイン原木,Rarefied Red Pine Log,收藏用红松原木,白票收藏品,白票收藏品,83,ガレマルド,Garlemald,加雷马,第二个水晶,,"[35.07, 5.82]",852,0
漆黑,4,6,采掘,虹結晶,Prismstone,彩虹晶,传说1星,传说1星,80,イル・メグ,Il Mheg,伊尔美格,,,"[30.59, 20.62]",609,0
漆黑,4,6,采掘,ベリリウム鉱,Beryllium Ore,轻铍矿,传说1星,传说1星,80,イル・メグ,Il Mheg,伊尔美格,,,"[30.59, 20.62]",609,0
漆黑,4,6,园艺,収集用の珊瑚,Rarefied Coral,收藏用珊瑚,白票收藏品,白票收藏品,80,テンペスト,The Tempest,黑风海,,,"[37.5, 11.63]",776,0
漆黑,4,6,园艺,紫根,Duskblooms,紫草,传说2星,传说2星,80,アム・アレーン,Amh Araeng,安穆·艾兰,,,"[32.25, 33.55]",714,0
漆黑,4,6,采掘,超硬水,Hard Water,超硬水,传说3星,传说3星,80,コルシア島,Kholusia,珂露西亚岛,,,"[36.19, 12.29]",758,0
漆黑,4,6,园艺,収集用の海藻,Rarefied Kelp,收藏用海藻,白票收藏品,白票收藏品,79,テンペスト,The Tempest,黑风海,,,"[37.5, 11.63]",776,0
漆黑,4,6,采掘,収集用のペタライト原石,Rarefied Raw Petalite,收藏用透锂长石原石,白票收藏品,白票收藏品,75,レイクランド,Lakeland,雷克兰德,,,"[31.25, 24.14]",330,0
漆黑,4,6,采掘,ラズライト原石,Raw Lazurite,青金石原石,普通时限，未知点,普通时限，未知点,74,ラケティカ大森林,The Rak'tika Greatwood,拉凯提卡大森林,,,"[19.76, 20.54]",605,0
漆黑,4,6,采掘,収集用の賢銅鉱,Rarefied Titancopper Ore,收藏用钛铜矿,白票收藏品,白票收藏品,71,レイクランド,Lakeland,雷克兰德,,,"[31.25, 24.14]",330,0
红莲,4,6,采掘,清金鉱,Palladium Ore,钯金矿,传说1星,传说1星,70,ヤンサ,Yanxia,延夏,,,"[20.46, 9.71]",504,0
红莲,4,6,园艺,ラールガースタッフ,Rhalgr's Streak,破坏神之杖,普通时限，未知点,普通时限，未知点,70,ギラバニア湖畔地帯,The Lochs,基拉巴尼亚湖区,,,"[6.87, 8.99]",526,0
红莲,4,6,园艺,ブラックウィロー原木,Black Willow Log,黑柳原木,传说2星,传说2星,70,ギラバニア辺境地帯,The Fringes,基拉巴尼亚边区,,,"[14.89, 21.24]",537,0
红莲,4,6,园艺,老木樹液塊,Hardened Veteran Tree Sap,古木树液块,传说2星,传说2星,70,ギラバニア辺境地帯,The Fringes,基拉巴尼亚边区,,,"[14.89, 21.24]",537,0
红莲,4,6,园艺,ウルンダイ原木,Urunday Log,乌仑代硬木原木,传说3星,传说3星,70,ギラバニア山岳地帯,The Peaks,基拉巴尼亚山区,,,"[33.37, 10.63]",557,0
红莲,4,6,园艺,ジャムメルジンジャー,Jhammel Ginger,长颈骆姜,普通时限，未知点,普通时限，未知点,68,ギラバニア湖畔地帯,The Lochs,基拉巴尼亚湖区,,,"[6.87, 8.99]",526,0
红莲,4,6,采掘,アズライト原石,Raw Azurite,石青原石,普通时限，未知点,普通时限，未知点,66,アジムステップ,The Azim Steppe,太阳神草原,,,"[4.94, 29.55]",501,0
红莲,4,6,园艺,収集用の椎茸,Rarefied Shiitake Mushroom,收藏用香菇,白票收藏品,白票收藏品,63,紅玉海,The Ruby Sea,红玉海,,,"[33.11, 9.23]",771,0
苍天,4,6,采掘,金雲母,Sun Mica,金云母,传说1星,传说1星,60,アバラシア雲海,The Sea of Clouds,阿巴拉提亚云海,,,"[36.04, 37.43]",324,0
苍天,4,6,园艺,アストラルフラワー,Seventh Heaven,星极花,传说1星,传说1星,60,ドラヴァニア雲海,The Churning Mists,翻云雾海,,,"[16.29, 36.67]",347,0
苍天,4,6,园艺,星綿,Star Cotton Boll,星棉,传说3星,传说3星,60,アジス・ラー,Azys Lla,魔大陆阿济兹拉,,,"[6.16, 29.55]",293,0
苍天,4,6,园艺,モリーユ,Morel,伞蘑,普通时限，未知点,普通时限，未知点,59,低地ドラヴァニア,The Dravanian Hinterlands,龙堡内陆低地,,,"[14.65, 36.86]",343,0
苍天,4,6,园艺,クラウドバナナ,Cloud Banana,云海香蕉,普通时限，未知点,普通时限，未知点,57,低地ドラヴァニア,The Dravanian Hinterlands,龙堡内陆低地,,,"[14.65, 36.86]",343,0
苍天,4,6,采掘,収集用の褐鉄鉱,Rarefied Limonite,收藏用褐铁矿,白票收藏品,白票收藏品,55,高地ドラヴァニア,The Dravanian Forelands,龙堡参天高地,,,"[30.06, 31.62]",306,0
苍天,4,6,采掘,収集用の輝銅鉱,Rarefied Chalcocite,收藏用辉铜矿,白票收藏品,白票收藏品,53,高地ドラヴァニア,The Dravanian Forelands,龙堡参天高地,,,"[30.06, 31.62]",306,0
苍天,4,6,采掘,収集用の黄鉄鉱,Rarefied Pyrite,收藏用黄铁矿,白票收藏品,白票收藏品,51,高地ドラヴァニア,The Dravanian Forelands,龙堡参天高地,,,"[30.06, 31.62]",306,0
新生,4,7,采掘,自然金,Native Gold,自然金,传说2星,传说2星,50,中央ザナラーン,Central Thanalan,中萨纳兰,,,"[25.24, 15.89]",237,0
新生,4,7,采掘,ダイヤモンド原石,Raw Diamond,钻石原石,传说2星,传说2星,50,中央ザナラーン,Central Thanalan,中萨纳兰,,,"[25.24, 15.89]",237,0
新生,4,7,采掘,エメラルド原石,Raw Emerald,祖母绿原石,传说2星,传说2星,50,中央ザナラーン,Central Thanalan,中萨纳兰,,,"[25.24, 15.89]",237,0
新生,4,7,采掘,グレガリアスワーム,Gregarious Worm,群居蠕虫,传说2星,传说2星,50,中央ザナラーン,Central Thanalan,中萨纳兰,,,"[25.24, 15.89]",237,0
新生,4,7,采掘,無属性クリスタル,Unaspected Crystal,无属性水晶,传说1星,传说1星,50,中央ザナラーン,Central Thanalan,中萨纳兰,,,"[25.24, 15.89]",237,0
新生,4,7,采掘,ダークマタークラスター,Dark Matter Cluster,暗物质晶簇,传说2星,传说2星,50,中央ザナラーン,Central Thanalan,中萨纳兰,,,"[25.24, 15.89]",237,0
新生,4,7,采掘,白金鉱,Platinum Ore,白金矿,传说3星,传说3星,50,南ザナラーン,Southern Thanalan,南萨纳兰,,,"[17.18, 10.59]",247,0
新生,4,7,采掘,グレガリアスワーム,Gregarious Worm,群居蠕虫,传说2星,传说2星,50,南ザナラーン,Southern Thanalan,南萨纳兰,,,"[17.18, 10.59]",247,0
新生,4,7,采掘,無属性クリスタル,Unaspected Crystal,无属性水晶,传说1星,传说1星,50,南ザナラーン,Southern Thanalan,南萨纳兰,,,"[17.18, 10.59]",247,0
新生,4,7,采掘,ダークマタークラスター,Dark Matter Cluster,暗物质晶簇,传说2星,传说2星,50,南ザナラーン,Southern Thanalan,南萨纳兰,,,"[17.18, 10.59]",247,0
新生,4,7,园艺,エボニー原木,Ebony Log,黑檀原木,传说3星,传说3星,50,中央ラノシア,Middle La Noscea,中拉诺西亚,,,"[24.38, 26.42]",248,0
新生,4,7,园艺,無属性クリスタル,Unaspected Crystal,无属性水晶,传说1星,传说1星,50,中央ラノシア,Middle La Noscea,中拉诺西亚,,,"[24.38, 26.42]",248,0
新生,4,7,园艺,ダークマタークラスター,Dark Matter Cluster,暗物质晶簇,传说2星,传说2星,50,中央ラノシア,Middle La Noscea,中拉诺西亚,,,"[24.38, 26.42]",248,0
漆黑,4,8,园艺,ライトニングミント,Levin Mint,雷霆薄荷,精选雷之晶簇,精选雷之晶簇,80,ラケティカ大森林,The Rak'tika Greatwood,拉凯提卡大森林,,,"[22.52, 13.11]",624,0
漆黑,4,8,园艺,スイートマジョラム,Sweet Marjoram,甜墨角兰,精选黑暗灵砂,精选黑暗灵砂,76,ラケティカ大森林,The Rak'tika Greatwood,拉凯提卡大森林,,,"[22.52, 13.11]",624,0
红莲,4,8,园艺,トレヤの枝,Torreya Branch,榧树枝,精选丰饶灵砂,精选丰饶灵砂,70,ギラバニア湖畔地帯,The Lochs,基拉巴尼亚湖区,,,"[31.07, 26.97]",515,0
红莲,4,8,园艺,ヤンサバーベナ,Yanxian Verbena,延夏马鞭草,精选黄昏灵砂,精选黄昏灵砂,70,ギラバニア湖畔地帯,The Lochs,基拉巴尼亚湖区,,,"[31.07, 26.97]",515,0
苍天,4,8,采掘,レイディアントアストラルグラベル,Radiant Astral Moraine,星光砾,精选白光灵砂,精选白光灵砂,60,高地ドラヴァニア,The Dravanian Forelands,龙堡参天高地,,,"[24.75, 20.45]",307,0
苍天,4,8,采掘,レイディアントファイアグラベル,Radiant Fire Moraine,火光砾,精选大地灵砂,精选大地灵砂,60,高地ドラヴァニア,The Dravanian Forelands,龙堡参天高地,,,"[24.75, 20.45]",307,0
苍天,4,8,园艺,黒土,Black Soil,黑土,普通时限，精选点,普通时限，精选点,60,低地ドラヴァニア,The Dravanian Hinterlands,龙堡内陆低地,,,"[4.98, 26.98]",337,0
苍天,4,8,园艺,腐植土,Humic Soil,腐殖土,精选大树灵砂,精选大树灵砂,60,低地ドラヴァニア,The Dravanian Hinterlands,龙堡内陆低地,,,"[4.98, 26.98]",337,0
苍天,4,8,园艺,メネフィナローレル,Lover's Laurel,梅茵菲娜月桂,精选白光灵砂,精选白光灵砂,60,低地ドラヴァニア,The Dravanian Hinterlands,龙堡内陆低地,,,"[4.98, 26.98]",337,0
苍天,4,8,采掘,強火性岩,Bright Fire Rock,强火性岩,精选晓光灵砂,精选晓光灵砂,58,高地ドラヴァニア,The Dravanian Forelands,龙堡参天高地,,,"[24.75, 20.45]",307,0
苍天,4,8,园艺,ピートモス,Peat Moss,灰玉土,精选晓光灵砂,精选晓光灵砂,58,低地ドラヴァニア,The Dravanian Hinterlands,龙堡内陆低地,,,"[4.98, 26.98]",337,0
苍天,4,8,采掘,ファイアグラベル,Fire Moraine,火砂砾,精选微光灵砂,精选微光灵砂,56,高地ドラヴァニア,The Dravanian Forelands,龙堡参天高地,,,"[24.75, 20.45]",307,0
苍天,4,8,园艺,赤玉土,Granular Clay,赤玉土,精选微光灵砂,精选微光灵砂,56,低地ドラヴァニア,The Dravanian Hinterlands,龙堡内陆低地,,,"[4.98, 26.98]",337,0
苍天,4,8,采掘,ファイアクラスター,Fire Cluster,火之晶簇,晶簇,晶簇,50,高地ドラヴァニア,The Dravanian Forelands,龙堡参天高地,,,"[24.75, 20.45]",307,0
苍天,4,8,园艺,アースクラスター,Earth Cluster,土之晶簇,晶簇,晶簇,50,低地ドラヴァニア,The Dravanian Hinterlands,龙堡内陆低地,,,"[4.98, 26.98]",337,0
红莲,4,8,园艺,アイスクラスター,Ice Cluster,冰之晶簇,晶簇,晶簇,50,ギラバニア湖畔地帯,The Lochs,基拉巴尼亚湖区,,,"[31.07, 26.97]",515,0
漆黑,4,8,园艺,ウィンドクラスター,Wind Cluster,风之晶簇,晶簇,晶簇,50,ラケティカ大森林,The Rak'tika Greatwood,拉凯提卡大森林,,,"[22.52, 13.11]",624,0
苍天,4,8,采掘,ファイアクリスタル,Fire Crystal,火之水晶,水晶,水晶,26,高地ドラヴァニア,The Dravanian Forelands,龙堡参天高地,,,"[24.75, 20.45]",307,0
苍天,4,8,园艺,アースクリスタル,Earth Crystal,土之水晶,水晶,水晶,26,低地ドラヴァニア,The Dravanian Hinterlands,龙堡内陆低地,,,"[4.98, 26.98]",337,0
红莲,4,8,园艺,アイスクリスタル,Ice Crystal,冰之水晶,水晶,水晶,26,ギラバニア湖畔地帯,The Lochs,基拉巴尼亚湖区,,,"[31.07, 26.97]",515,0
漆黑,4,8,园艺,ウィンドクリスタル,Wind Crystal,风之水晶,水晶,水晶,26,ラケティカ大森林,The Rak'tika Greatwood,拉凯提卡大森林,,,"[22.52, 13.11]",624,0
新生,5,8,园艺,ファイアクラスター,Fire Cluster,火之晶簇,晶簇,晶簇,50,モードゥナ,Mor Dhona,摩杜纳,,,"[32.11, 13.55]",215,0
新生,5,8,园艺,アイスクラスター,Ice Cluster,冰之晶簇,晶簇,晶簇,50,モードゥナ,Mor Dhona,摩杜纳,,,"[32.11, 13.55]",215,0
新生,5,8,园艺,ウィンドクラスター,Wind Cluster,风之晶簇,晶簇,晶簇,50,モードゥナ,Mor Dhona,摩杜纳,,,"[32.11, 13.55]",215,0
新生,5,8,园艺,アースクラスター,Earth Cluster,土之晶簇,晶簇,晶簇,50,モードゥナ,Mor Dhona,摩杜纳,,,"[32.11, 13.55]",215,0
新生,5,8,园艺,ライトニングクラスター,Lightning Cluster,雷之晶簇,晶簇,晶簇,50,モードゥナ,Mor Dhona,摩杜纳,,,"[32.11, 13.55]",215,0
新生,5,8,园艺,ウォータークラスター,Water Cluster,水之晶簇,晶簇,晶簇,50,モードゥナ,Mor Dhona,摩杜纳,,,"[32.11, 13.55]",215,0
新生,5,8,园艺,無属性クリスタル,Unaspected Crystal,无属性水晶,传说1星,传说1星,50,モードゥナ,Mor Dhona,摩杜纳,,,"[32.11, 13.55]",215,0
新生,5,8,园艺,ダークマタークラスター,Dark Matter Cluster,暗物质晶簇,传说2星,传说2星,50,モードゥナ,Mor Dhona,摩杜纳,,,"[32.11, 13.55]",215,0
新生,5,8,园艺,トリリウム,Trillium,延龄花,传说1星,传说1星,50,黒衣森：東部森林,East Shroud,黑衣森林东部林区,,,"[17.68, 19.32]",217,0
新生,5,8,园艺,マズラヤの野草,Mazlaya Greens,马兹拉雅草,传说1星,传说1星,50,黒衣森：東部森林,East Shroud,黑衣森林东部林区,,,"[17.68, 19.32]",217,0
新生,5,8,园艺,無属性クリスタル,Unaspected Crystal,无属性水晶,传说1星,传说1星,50,黒衣森：東部森林,East Shroud,黑衣森林东部林区,,,"[17.68, 19.32]",217,0
新生,5,8,园艺,ダークマタークラスター,Dark Matter Cluster,暗物质晶簇,传说2星,传说2星,50,黒衣森：東部森林,East Shroud,黑衣森林东部林区,,,"[17.68, 19.32]",217,0
新生,5,8,园艺,ハニーレモン,Honey Lemon,蜜柠檬,传说1星,传说1星,50,東ラノシア,Eastern La Noscea,东拉诺西亚,,,"[27.49, 32.79]",219,0
新生,5,8,园艺,ハニーレモンの種,Honey Lemon Seeds,蜜柠檬种子,传说1星,传说1星,50,東ラノシア,Eastern La Noscea,东拉诺西亚,,,"[27.49, 32.79]",219,0
新生,5,8,园艺,無属性クリスタル,Unaspected Crystal,无属性水晶,传说1星,传说1星,50,東ラノシア,Eastern La Noscea,东拉诺西亚,,,"[27.49, 32.79]",219,0
新生,5,8,园艺,ダークマタークラスター,Dark Matter Cluster,暗物质晶簇,传说2星,传说2星,50,東ラノシア,Eastern La Noscea,东拉诺西亚,,,"[27.49, 32.79]",219,0
新生,5,8,采掘,金砂,Gold Sand,金沙,传说1星,传说1星,50,東ザナラーン,Eastern Thanalan,东萨纳兰,,,"[25.58, 23.24]",226,0
新生,5,8,采掘,無属性クリスタル,Unaspected Crystal,无属性水晶,传说1星,传说1星,50,東ザナラーン,Eastern Thanalan,东萨纳兰,,,"[25.58, 23.24]",226,0
新生,5,8,采掘,ダークマタークラスター,Dark Matter Cluster,暗物质晶簇,传说2星,传说2星,50,東ザナラーン,Eastern Thanalan,东萨纳兰,,,"[25.58, 23.24]",226,0
新生,5,8,采掘,ザナラーンソイルG3,Grade 3 Thanalan Topsoil,3级萨纳兰土壤,传说1星,传说1星,50,西ザナラーン,Western Thanalan,西萨纳兰,,,"[18.92, 28.39]",241,0
新生,5,8,采掘,ウォータークラスター,Water Cluster,水之晶簇,晶簇,晶簇,50,西ザナラーン,Western Thanalan,西萨纳兰,,,"[18.92, 28.39]",241,0
新生,5,8,采掘,無属性クリスタル,Unaspected Crystal,无属性水晶,传说1星,传说1星,50,西ザナラーン,Western Thanalan,西萨纳兰,,,"[18.92, 28.39]",241,0
新生,5,8,采掘,ダークマタークラスター,Dark Matter Cluster,暗物质晶簇,传说2星,传说2星,50,西ザナラーン,Western Thanalan,西萨纳兰,,,"[18.92, 28.39]",241,0
晓月,6,8,园艺,収集用のアイスバーグレタス,Rarefied Iceberg Lettuce,收藏用冰山莴苣,紫票收藏品,紫票收藏品,90,ラヴィリンソス,Labyrinthos,迷津,第三个水晶,,"[9.99, 22.36]",854,0
晓月,6,8,园艺,天然香辛料,Potent Spice,天然香料,传说,传说,90,エルピス,Elpis,厄尔庇斯,第一个水晶,,"[33.17, 14.77]",856,0
晓月,6,8,园艺,メンピサン原木,Mempisang Log,藤春木原木,传说1星,传说1星,90,エルピス,Elpis,厄尔庇斯,第一个水晶,,"[33.17, 14.77]",856,0
晓月,6,8,采掘,ルチルクォーツ原石,Raw Rutilated Quartz,发晶原石,传说2星,传说2星,90,ガレマルド,Garlemald,加雷马,第二个水晶,,"[31.95,17.36]",338,6.2
晓月,6,8,采掘,ゾイサイト原石,Raw Zoisite,黝帘石原石,传说2星,传说2星,90,ガレマルド,Garlemald,加雷马,第二个水晶,,"[31.95,17.36]",338,6.3
晓月,6,8,园艺,収集用の黒麦,Rarefied Dark Rye,收藏用裸麦,白票收藏品,白票收藏品,89,ラヴィリンソス,Labyrinthos,迷津,第三个水晶,,"[9.99, 22.36]",854,0
晓月,6,8,采掘,収集用の蒼鉛鉱,Rarefied Bismuth Ore,收藏用铋矿,白票收藏品,白票收藏品,83,嘆きの海,Mare Lamentorum,叹息海,第一个水晶,,"[16.38, 32.65]",830,0
漆黑,6,8,园艺,リトルレモン,Lemonette,小柠檬,普通时限，未知点,普通时限，未知点,80,コルシア島,Kholusia,珂露西亚岛,,,"[20.12, 27.35]",632,0
漆黑,6,8,采掘,プルプラシェルチップ,Purpure Shell Chip,尊紫碎块,传说2星,传说2星,80,テンペスト,The Tempest,黑风海,,,"[34.45, 31.43]",682,0
漆黑,6,8,园艺,シルバービーチ原木,Silver Beech Log,银山毛榉原木,传说3星,传说3星,80,アム・アレーン,Amh Araeng,安穆·艾兰,,,"[16.13, 10.99]",762,0
漆黑,6,8,采掘,ペタライト原石,Raw Petalite,透锂长石原石,普通时限，未知点,普通时限，未知点,78,レイクランド,Lakeland,雷克兰德,,,"[28.17, 33.21]",607,0
漆黑,6,8,采掘,収集用のラズライト原石,Rarefied Raw Lazurite,收藏用青金石原石,白票收藏品,白票收藏品,73,ラケティカ大森林,The Rak'tika Greatwood,拉凯提卡大森林,,,"[16.5, 18.18]",332,0
漆黑,6,8,采掘,ダイアスポア原石,Raw Diaspore,硬水铝石原石,普通时限，未知点,普通时限，未知点,72,イル・メグ,Il Mheg,伊尔美格,,,"[26.48, 13.29]",604,0
红莲,6,8,园艺,ハロードバジル,Hallowed Basil,祝圣罗勒草,传说1星,传说1星,70,ギラバニア山岳地帯,The Peaks,基拉巴尼亚山区,,,"[24.08, 16.56]",524,0
红莲,6,8,园艺,トレヤ原木,Torreya Log,榧木原木,传说1星,传说1星,70,ギラバニア湖畔地帯,The Lochs,基拉巴尼亚湖区,,,"[11.89, 12.73]",527,0
红莲,6,8,采掘,夜鉄鉱,Nightsteel Ore,夜铁矿,传说2星,传说2星,70,紅玉海,The Ruby Sea,红玉海,,,"[10.93, 22.56]",535,0
红莲,6,8,采掘,鷹目石,Hawk's Eye,鹰眼石,传说2星,传说2星,70,紅玉海,The Ruby Sea,红玉海,,,"[10.93, 22.56]",535,0
红莲,6,8,采掘,収集用の清銀鉱,Rarefied Silvergrace Ore,收藏用清银矿,白票收藏品,白票收藏品,69,アジムステップ,The Azim Steppe,太阳神草原,,,"[36.01, 26.42]",328,0
红莲,6,8,采掘,インペリアルジェード原石,Raw Imperial Jade,琅玕原石,普通时限，未知点,普通时限，未知点,68,ヤンサ,Yanxia,延夏,,,"[29.87, 9.35]",500,0
红莲,6,8,采掘,収集用のアズライト原石,Rarefied Raw Azurite,收藏用石青原石,白票收藏品,白票收藏品,67,アジムステップ,The Azim Steppe,太阳神草原,,,"[36.01, 26.42]",328,0
苍天,6,8,采掘,ブルークォーツ,Blue Quartz,绀碧石英,传说1星,传说1星,60,低地ドラヴァニア,The Dravanian Hinterlands,龙堡内陆低地,,,"[9.95, 14.57]",325,0
苍天,6,8,园艺,バニラビーンズ,Vanilla Beans,香草豆,传说1星,传说1星,60,クルザス西部高地,Coerthas Western Highlands,库尔札斯西部高地,,,"[21.33, 20.36]",345,0
苍天,6,8,园艺,ドラヴァニアパプリカ,Dravanian Paprika,龙堡红辣椒,传说1星,传说1星,60,クルザス西部高地,Coerthas Western Highlands,库尔札斯西部高地,,,"[21.33, 20.36]",345,0
苍天,6,8,园艺,雪綿,Frost Cotton Boll,雪棉,传说1星,传说1星,60,クルザス西部高地,Coerthas Western Highlands,库尔札斯西部高地,,,"[21.33, 20.36]",345,0
苍天,6,8,采掘,輝金鉱,Luminium Ore,辉金矿,传说3星,传说3星,60,アジス・ラー,Azys Lla,魔大陆阿济兹拉,,,"[3.5, 14.95]",291,0
苍天,6,8,园艺,ノーブルセージ,Noble Sage,显贵鼠尾草,传说3星,传说3星,60,高地ドラヴァニア,The Dravanian Forelands,龙堡参天高地,,,"[34.31, 28.22]",301,0
苍天,6,8,园艺,アバラシアミスルトゥ,Abalathian Mistletoe,阿巴拉提亚槲寄生,普通时限，未知点,普通时限，未知点,58,アバラシア雲海,The Sea of Clouds,阿巴拉提亚云海,,,"[35.49, 20.28]",342,0
苍天,6,8,园艺,ヘヴンズドレモン,Heavens Lemon,伊修加德柠檬,普通时限，未知点,普通时限，未知点,56,アバラシア雲海,The Sea of Clouds,阿巴拉提亚云海,,,"[35.49, 20.28]",342,0
新生,6,9,园艺,ソフトスピナッチ,Young Cieldalaes Spinach,谢尔达莱嫩菠菜,传说2星,传说2星,50,低地ラノシア,Lower La Noscea,拉诺西亚低地,,,"[32.55, 12.99]",235,0
新生,6,9,园艺,マズラヤの野草,Mazlaya Greens,马兹拉雅草,传说1星,传说1星,50,低地ラノシア,Lower La Noscea,拉诺西亚低地,,,"[32.55, 12.99]",235,0
新生,6,9,园艺,無属性クリスタル,Unaspected Crystal,无属性水晶,传说1星,传说1星,50,低地ラノシア,Lower La Noscea,拉诺西亚低地,,,"[32.55, 12.99]",235,0
新生,6,9,园艺,ダークマタークラスター,Dark Matter Cluster,暗物质晶簇,传说2星,传说2星,50,低地ラノシア,Lower La Noscea,拉诺西亚低地,,,"[32.55, 12.99]",235,0
新生,6,9,采掘,シュラウドソイルG3,Grade 3 Shroud Topsoil,3级黑衣森林土壤,传说1星,传说1星,50,黒衣森：南部森林,South Shroud,黑衣森林南部林区,,,"[16.8, 30.67]",240,0
新生,6,9,采掘,霊性岩,Umbral Rock,灵性岩,传说1星,传说1星,50,黒衣森：南部森林,South Shroud,黑衣森林南部林区,,,"[16.8, 30.67]",240,0
新生,6,9,采掘,無属性クリスタル,Unaspected Crystal,无属性水晶,传说1星,传说1星,50,黒衣森：南部森林,South Shroud,黑衣森林南部林区,,,"[16.8, 30.67]",240,0
新生,6,9,采掘,ダークマタークラスター,Dark Matter Cluster,暗物质晶簇,传说2星,传说2星,50,黒衣森：南部森林,South Shroud,黑衣森林南部林区,,,"[16.8, 30.67]",240,0
新生,6,9,园艺,高級黒衣香木,Redolent Log,高级黑衣香木,传说2星,传说2星,50,黒衣森：中央森林,Central Shroud,黑衣森林中央林区,,,"[30.59, 20.18]",245,0
新生,6,9,园艺,無属性クリスタル,Unaspected Crystal,无属性水晶,传说1星,传说1星,50,黒衣森：中央森林,Central Shroud,黑衣森林中央林区,,,"[30.59, 20.18]",245,0
新生,6,9,园艺,ダークマタークラスター,Dark Matter Cluster,暗物质晶簇,传说2星,传说2星,50,黒衣森：中央森林,Central Shroud,黑衣森林中央林区,,,"[30.59, 20.18]",245,0
新生,7,10,园艺,ブラッドオレンジ,Blood Orange,鲜血橙,传说2星,传说2星,50,高地ラノシア,Upper La Noscea,拉诺西亚高地,,,"[29.13, 25.48]",232,0
新生,7,10,园艺,バンブー材,Bamboo Stick,竹材,传说2星,传说2星,50,高地ラノシア,Upper La Noscea,拉诺西亚高地,,,"[29.13, 25.48]",232,0
新生,7,10,园艺,無属性クリスタル,Unaspected Crystal,无属性水晶,传说1星,传说1星,50,高地ラノシア,Upper La Noscea,拉诺西亚高地,,,"[29.13, 25.48]",232,0
新生,7,10,园艺,ダークマタークラスター,Dark Matter Cluster,暗物质晶簇,传说2星,传说2星,50,高地ラノシア,Upper La Noscea,拉诺西亚高地,,,"[29.13, 25.48]",232,0
晓月,8,10,园艺,収集用のカエアン綿,Rarefied AR-Caean Cotton Boll,收藏用迷彩棉,紫票收藏品,紫票收藏品,90,ウルティマ・トゥーレ,Ultima Thule,天外天垓,第一个水晶,,"[9.47, 33.23]",855,0
晓月,8,10,园艺,天然香辛料,Potent Spice,天然香料,传说,传说,90,サベネア島,Thavnair,萨维奈岛,第一个水晶,,"[25.3, 21.7]",857,0
晓月,8,10,园艺,金マユ,Golden Cocoon,金茧,传说1星,传说1星,90,サベネア島,Thavnair,萨维奈岛,第三个水晶,,"[25.3, 21.7]",857,0
晓月,8,10,采掘,イルメナイト,Ilmenite,钛铁矿,传说2星,传说2星,90,嘆きの海,Mare Lamentorum,叹息海,第一个水晶,,"[29.63,22.4]",346,6.2
晓月,8,10,园艺,サベネアンコーン,Thavnairian Corn,萨维奈玉米,传说1星,传说1星,90,サベネア島,Thavnair,萨维奈岛,第三个水晶,,"[25.3, 21.7]",857,0
晓月,8,10,采掘,不定性スポンゴス茸,,不定性海绵菇,高难精选,高难精选,90,嘆きの海,Mare Lamentorum,叹息海,第一个水晶,,"[29.63,22.4]",346,6.3
漆黑,8,10,采掘,収集用のオニキス原石,Rarefied Raw Onyx,收藏用黑玛瑙原石,白票收藏品,白票收藏品,80,テンペスト,The Tempest,黑风海,,,"[25.12, 4.48]",334,0
漆黑,8,10,园艺,泡マユ,Ethereal Cocoon,泡茧,传说1星,传说1星,80,レイクランド,Lakeland,雷克兰德,,,"[26.48, 10.11]",634,0
漆黑,8,10,园艺,メルバウ原木,Merbau Log,印茄原木,传说2星,传说2星,80,イル・メグ,Il Mheg,伊尔美格,,,"[36.53, 27.43]",683,0
漆黑,8,10,采掘,苦灰石,Dolomite,苦灰石,传说3星,传说3星,80,ラケティカ大森林,The Rak'tika Greatwood,拉凯提卡大森林,,,"[7.59, 30.23]",760,0
漆黑,8,10,采掘,収集用の海塩,Rarefied Sea Salt,收藏用海盐,白票收藏品,白票收藏品,77,テンペスト,The Tempest,黑风海,,,"[25.12, 4.48]",334,0
漆黑,8,10,园艺,ラセットポポト,Russet Popoto,黄新薯,普通时限，未知点,普通时限，未知点,76,アム・アレーン,Amh Araeng,安穆·艾兰,,,"[19.34, 16.92]",630,0
漆黑,8,10,园艺,収集用のホワイトオーク原木,Rarefied White Oak Log,收藏用白橡木原木,白票收藏品,白票收藏品,73,コルシア島,Kholusia,珂露西亚岛,,,"[27.95, 32.79]",774,0
红莲,8,10,采掘,ロードナイト原石,Raw Rhodonite,蔷薇辉石原石,普通时限，未知点,普通时限，未知点,70,ギラバニア山岳地帯,The Peaks,基拉巴尼亚山区,,,"[27.01, 12.61]",499,0
红莲,8,10,采掘,硬拳石,Pummelite,硬拳石,普通时限，未知点,普通时限，未知点,70,ギラバニア山岳地帯,The Peaks,基拉巴尼亚山区,,,"[27.01, 12.61]",499,0
红莲,8,10,采掘,清銀鉱,Silvergrace Ore,清银矿,传说2星,传说2星,70,アジムステップ,The Azim Steppe,太阳神草原,,,"[24.14, 37.22]",536,0
红莲,8,10,采掘,アジム湧水,Azim Spring Water,太阳神泉水,传说2星,传说2星,70,アジムステップ,The Azim Steppe,太阳神草原,,,"[24.14, 37.22]",536,0
红莲,8,10,园艺,蓮根,Lotus Root,莲藕,普通时限，未知点,普通时限，未知点,66,ヤンサ,Yanxia,延夏,,,"[28.09, 7.79]",525,0
红莲,8,10,采掘,収集用のカイヤナイト原石,Rarefied Raw Kyanite,收藏用蓝晶石原石,白票收藏品,白票收藏品,65,ギラバニア辺境地帯,The Fringes,基拉巴尼亚边区,,,"[29.63, 12.93]",310,0
红莲,8,10,采掘,収集用のトリフェーン原石,Rarefied Raw Triphane,收藏用锂辉石原石,白票收藏品,白票收藏品,61,ギラバニア辺境地帯,The Fringes,基拉巴尼亚边区,,,"[29.63, 12.93]",310,0
苍天,8,10,园艺,カベイジの野菜,Chysahl Greens,卡贝基野菜,普通时限，未知点,普通时限，未知点,60,クルザス西部高地,Coerthas Western Highlands,库尔札斯西部高地,,,"[6.96, 8.73]",344,0
苍天,8,10,园艺,カンファー古木,Old-growth Camphorwood Log,樟木古树,传说1星,传说1星,60,ドラヴァニア雲海,The Churning Mists,翻云雾海,,,"[8.29, 7.99]",395,0
苍天,8,10,园艺,樹液結晶,Crystallized Sap,树汁结晶,传说1星,传说1星,60,ドラヴァニア雲海,The Churning Mists,翻云雾海,,,"[8.29, 7.99]",395,0
苍天,8,10,采掘,菱亜鉛鉱,Smithsonite Ore,菱锌矿,传说1星,传说1星,60,アバラシア雲海,The Sea of Clouds,阿巴拉提亚云海,,,"[37.26, 13.09]",397,0
苍天,8,10,采掘,メテオライト,Meteorite,陨石,传说1星,传说1星,60,アバラシア雲海,The Sea of Clouds,阿巴拉提亚云海,,,"[37.26, 13.09]",397,0
苍天,8,10,采掘,沸石,Zeolite Ore,沸石,传说3星,传说3星,60,低地ドラヴァニア,The Dravanian Hinterlands,龙堡内陆低地,,,"[15.18, 29.61]",290,0
新生,8,11,园艺,ラノシアリーキ,La Noscean Leek,拉诺西亚韭菜,传说2星,传说2星,50,西ラノシア,Western La Noscea,西拉诺西亚,,,"[34.29, 28.33]",234,0
新生,8,11,园艺,マズラヤの野草,Mazlaya Greens,马兹拉雅草,传说1星,传说1星,50,西ラノシア,Western La Noscea,西拉诺西亚,,,"[34.29, 28.33]",234,0
新生,8,11,园艺,水鳥の羽根,Waterfowl Feather,水鸟之羽,传说2星,传说2星,50,西ラノシア,Western La Noscea,西拉诺西亚,,,"[34.29, 28.33]",234,0
新生,8,11,园艺,無属性クリスタル,Unaspected Crystal,无属性水晶,传说1星,传说1星,50,西ラノシア,Western La Noscea,西拉诺西亚,,,"[34.29, 28.33]",234,0
新生,8,11,园艺,ダークマタークラスター,Dark Matter Cluster,暗物质晶簇,传说2星,传说2星,50,西ラノシア,Western La Noscea,西拉诺西亚,,,"[34.29, 28.33]",234,0
晓月,8,12,园艺,苦参,Sophora Roots,苦参,精选地鸣灵砂,精选地鸣灵砂,90,ラヴィリンソス,Labyrinthos,迷津,第三个水晶,,"[9.9, 34.8]",849,6.3
晓月,8,12,园艺,水瓶土,Ewer Clay,水瓶土,精选晓月灵砂,精选晓月灵砂,86,ラヴィリンソス,Labyrinthos,迷津,第三个水晶,,"[10.57, 34.81]",849,0
漆黑,8,12,采掘,轟雷性岩,Thunder Rock,轰雷性岩,精选雷鸣灵砂,精选雷鸣灵砂,80,レイクランド,Lakeland,雷克兰德,,,"[35.47, 30.57]",599,0
漆黑,8,12,采掘,光曜石,Solarite,光耀石,精选黑暗灵砂,精选黑暗灵砂,76,レイクランド,Lakeland,雷克兰德,,,"[35.47, 30.57]",599,0
红莲,8,12,园艺,ヤンサバーベナ,Yanxian Verbena,延夏马鞭草,精选黄昏灵砂,精选黄昏灵砂,70,アジムステップ,The Azim Steppe,太阳神草原,,,"[25.74, 29.85]",520,0
红莲,8,12,园艺,黄土,Doman Yellow,黄土,精选夜光灵砂,精选夜光灵砂,66,アジムステップ,The Azim Steppe,太阳神草原,,,"[25.74, 29.85]",520,0
苍天,8,12,采掘,レイディアントアストラルグラベル,Radiant Astral Moraine,星光砾,精选白光灵砂,精选白光灵砂,60,低地ドラヴァニア,The Dravanian Hinterlands,龙堡内陆低地,,,"[28.45, 16.63]",309,0
苍天,8,12,采掘,レイディアントファイアグラベル,Radiant Fire Moraine,火光砾,精选大地灵砂,精选大地灵砂,60,低地ドラヴァニア,The Dravanian Hinterlands,龙堡内陆低地,,,"[28.45, 16.63]",309,0
苍天,8,12,园艺,黒土,Black Soil,黑土,普通时限，精选点,普通时限，精选点,60,高地ドラヴァニア,The Dravanian Forelands,龙堡参天高地,,,"[16.19, 31.36]",331,0
苍天,8,12,园艺,腐植土,Humic Soil,腐殖土,精选大树灵砂,精选大树灵砂,60,高地ドラヴァニア,The Dravanian Forelands,龙堡参天高地,,,"[16.19, 31.36]",331,0
苍天,8,12,园艺,メネフィナローレル,Lover's Laurel,梅茵菲娜月桂,精选白光灵砂,精选白光灵砂,60,高地ドラヴァニア,The Dravanian Forelands,龙堡参天高地,,,"[16.19, 31.36]",331,0
苍天,8,12,采掘,強火性岩,Bright Fire Rock,强火性岩,精选晓光灵砂,精选晓光灵砂,58,低地ドラヴァニア,The Dravanian Hinterlands,龙堡内陆低地,,,"[28.45, 16.63]",309,0
苍天,8,12,园艺,ピートモス,Peat Moss,灰玉土,精选晓光灵砂,精选晓光灵砂,58,高地ドラヴァニア,The Dravanian Forelands,龙堡参天高地,,,"[16.19, 31.36]",331,0
苍天,8,12,采掘,ファイアグラベル,Fire Moraine,火砂砾,精选微光灵砂,精选微光灵砂,56,低地ドラヴァニア,The Dravanian Hinterlands,龙堡内陆低地,,,"[28.45, 16.63]",309,0
苍天,8,12,园艺,赤玉土,Granular Clay,赤玉土,精选微光灵砂,精选微光灵砂,56,高地ドラヴァニア,The Dravanian Forelands,龙堡参天高地,,,"[16.19, 31.36]",331,0
苍天,8,12,采掘,ファイアクラスター,Fire Cluster,火之晶簇,晶簇,晶簇,50,低地ドラヴァニア,The Dravanian Hinterlands,龙堡内陆低地,,,"[28.45, 16.63]",309,0
苍天,8,12,园艺,アースクラスター,Earth Cluster,土之晶簇,晶簇,晶簇,50,高地ドラヴァニア,The Dravanian Forelands,龙堡参天高地,,,"[16.19, 31.36]",331,0
红莲,8,12,园艺,アースクラスター,Earth Cluster,土之晶簇,晶簇,晶簇,50,アジムステップ,The Azim Steppe,太阳神草原,,,"[25.74, 29.85]",520,0
漆黑,8,12,采掘,ライトニングクラスター,Lightning Cluster,雷之晶簇,晶簇,晶簇,50,レイクランド,Lakeland,雷克兰德,,,"[35.47, 30.57]",599,0
晓月,8,12,园艺,ウィンドクラスター,Wind Cluster,风之晶簇,晶簇,晶簇,50,ラヴィリンソス,Labyrinthos,迷津,第三个水晶,,"[10.57, 34.81]",849,0
苍天,8,12,采掘,ファイアクリスタル,Fire Crystal,火之水晶,水晶,水晶,26,低地ドラヴァニア,The Dravanian Hinterlands,龙堡内陆低地,,,"[28.45, 16.63]",309,0
苍天,8,12,园艺,アースクリスタル,Earth Crystal,土之水晶,水晶,水晶,26,高地ドラヴァニア,The Dravanian Forelands,龙堡参天高地,,,"[16.19, 31.36]",331,0
红莲,8,12,园艺,アースクリスタル,Earth Crystal,土之水晶,水晶,水晶,26,アジムステップ,The Azim Steppe,太阳神草原,,,"[25.74, 29.85]",520,0
漆黑,8,12,采掘,ライトニングクリスタル,Lightning Crystal,雷之水晶,水晶,水晶,26,レイクランド,Lakeland,雷克兰德,,,"[35.47, 30.57]",599,0
晓月,8,12,园艺,ウィンドクリスタル,Wind Crystal,风之水晶,水晶,水晶,26,ラヴィリンソス,Labyrinthos,迷津,第三个水晶,,"[10.57, 34.81]",849,0
新生,9,12,园艺,スプルース原木,Spruce Log,云杉原木,传说1星,传说1星,50,クルザス中央高地,Coerthas Central Highlands,库尔札斯中央高地,,,"[29.17, 12.79]",211,0
新生,9,12,园艺,無属性クリスタル,Unaspected Crystal,无属性水晶,传说1星,传说1星,50,クルザス中央高地,Coerthas Central Highlands,库尔札斯中央高地,,,"[29.17, 12.79]",211,0
新生,9,12,园艺,ダークマタークラスター,Dark Matter Cluster,暗物质晶簇,传说2星,传说2星,50,クルザス中央高地,Coerthas Central Highlands,库尔札斯中央高地,,,"[29.17, 12.79]",211,0
新生,9,12,园艺,パイナップル,Prickly Pineapple,多刺菠萝,传说1星,传说1星,50,東ラノシア,Eastern La Noscea,东拉诺西亚,,,"[30.71, 27.01]",214,0
新生,9,12,园艺,パイナップルの種,Prickly Pineapple Seeds,多刺菠萝种子,传说1星,传说1星,50,東ラノシア,Eastern La Noscea,东拉诺西亚,,,"[30.71, 27.01]",214,0
新生,9,12,园艺,無属性クリスタル,Unaspected Crystal,无属性水晶,传说1星,传说1星,50,東ラノシア,Eastern La Noscea,东拉诺西亚,,,"[30.71, 27.01]",214,0
新生,9,12,园艺,ダークマタークラスター,Dark Matter Cluster,暗物质晶簇,传说2星,传说2星,50,東ラノシア,Eastern La Noscea,东拉诺西亚,,,"[30.71, 27.01]",214,0
新生,9,12,园艺,ファイアクラスター,Fire Cluster,火之晶簇,晶簇,晶簇,50,モードゥナ,Mor Dhona,摩杜纳,,,"[32.11, 13.55]",215,0
新生,9,12,园艺,アイスクラスター,Ice Cluster,冰之晶簇,晶簇,晶簇,50,モードゥナ,Mor Dhona,摩杜纳,,,"[32.11, 13.55]",215,0
新生,9,12,园艺,ウィンドクラスター,Wind Cluster,风之晶簇,晶簇,晶簇,50,モードゥナ,Mor Dhona,摩杜纳,,,"[32.11, 13.55]",215,0
新生,9,12,园艺,アースクラスター,Earth Cluster,土之晶簇,晶簇,晶簇,50,モードゥナ,Mor Dhona,摩杜纳,,,"[32.11, 13.55]",215,0
新生,9,12,园艺,ライトニングクラスター,Lightning Cluster,雷之晶簇,晶簇,晶簇,50,モードゥナ,Mor Dhona,摩杜纳,,,"[32.11, 13.55]",215,0
新生,9,12,园艺,ウォータークラスター,Water Cluster,水之晶簇,晶簇,晶簇,50,モードゥナ,Mor Dhona,摩杜纳,,,"[32.11, 13.55]",215,0
新生,9,12,园艺,無属性クリスタル,Unaspected Crystal,无属性水晶,传说1星,传说1星,50,モードゥナ,Mor Dhona,摩杜纳,,,"[32.11, 13.55]",215,0
新生,9,12,园艺,ダークマタークラスター,Dark Matter Cluster,暗物质晶簇,传说2星,传说2星,50,モードゥナ,Mor Dhona,摩杜纳,,,"[32.11, 13.55]",215,0
新生,9,12,采掘,金鉱,Gold Ore,金矿,传说1星,传说1星,50,東ザナラーン,Eastern Thanalan,东萨纳兰,,,"[28.09, 21.74]",223,0
新生,9,12,采掘,コブランラーヴァ,Coblyn Larva,矿爬虫虫,传说1星,传说1星,50,東ザナラーン,Eastern Thanalan,东萨纳兰,,,"[28.09, 21.74]",223,0
新生,9,12,采掘,グレガリアスワーム,Gregarious Worm,群居蠕虫,传说2星,传说2星,50,東ザナラーン,Eastern Thanalan,东萨纳兰,,,"[28.09, 21.74]",223,0
新生,9,12,采掘,無属性クリスタル,Unaspected Crystal,无属性水晶,传说1星,传说1星,50,東ザナラーン,Eastern Thanalan,东萨纳兰,,,"[28.09, 21.74]",223,0
新生,9,12,采掘,ダークマタークラスター,Dark Matter Cluster,暗物质晶簇,传说2星,传说2星,50,東ザナラーン,Eastern Thanalan,东萨纳兰,,,"[28.09, 21.74]",223,0
新生,9,12,园艺,アプリコット,Apricot,黄杏,传说2星,传说2星,50,中央ラノシア,Middle La Noscea,中拉诺西亚,,,"[18.66, 16.48]",231,0
新生,9,12,园艺,無属性クリスタル,Unaspected Crystal,无属性水晶,传说1星,传说1星,50,中央ラノシア,Middle La Noscea,中拉诺西亚,,,"[18.66, 16.48]",231,0
新生,9,12,园艺,ダークマタークラスター,Dark Matter Cluster,暗物质晶簇,传说2星,传说2星,50,中央ラノシア,Middle La Noscea,中拉诺西亚,,,"[18.66, 16.48]",231,0
晓月,10,12,采掘,収集用の鉄雲母,Rarefied Annite,收藏用铁云母,紫票收藏品,紫票收藏品,90,エルピス,Elpis,厄尔庇斯,第二个水晶,,"[8.25, 36.59]",832,0
晓月,10,12,园艺,天然香辛料,Potent Spice,天然香料,传说,传说,90,ウルティマ・トゥーレ,Ultima Thule,天外天垓,第一个水晶,,"[28.11, 13.23]",858,0
晓月,10,12,园艺,迷い草,Double-edged Herb,迷途草,传说1星,传说1星,90,ウルティマ・トゥーレ,Ultima Thule,天外天垓,第二个水晶,,"[28.11, 13.23]",858,0
晓月,10,12,采掘,灰緑珪藻土,Ash Diatomite,灰绿硅藻土,传说2星,传说2星,90,ラヴィリンソス,Labyrinthos,迷津,第三个水晶,,"[11.15,21.42]",400,6.2
晓月,10,12,园艺,不定性結晶花,Prime Crystalbloom,不定性结晶花,高难精选,高难精选,90,ウルティマ・トゥーレ,Ultima Thule,天外天垓,第二个水晶,,"[28.11, 13.23]",858,6.2
晓月,10,12,采掘,収集用のブルージルコン原石,Rarefied Blue Zircon,收藏用蓝锆石原石,白票收藏品,白票收藏品,89,エルピス,Elpis,厄尔庇斯,第二个水晶,,"[8.25, 36.59]",832,0
漆黑,10,12,采掘,収集用のギラバニアアルメン,Rarefied Gyr Abanian Alumen,收藏用基拉巴尼亚明矾,白票收藏品,白票收藏品,80,ギラバニア辺境地帯,The Fringes,基拉巴尼亚边区,,,"[31.59, 31.41]",767,0
漆黑,10,12,采掘,タングステン鉱,Tungsten Ore,重钨矿,传说1星,传说1星,80,テンペスト,The Tempest,黑风海,,,"[32.85, 7.69]",610,0
漆黑,10,12,采掘,アッシュアルメン,Ashen Alumen,灰明矾,传说2星,传说2星,80,アム・アレーン,Amh Araeng,安穆·艾兰,,,"[20.18, 8.61]",713,0
漆黑,10,12,园艺,蒼綿花,Raindrop Cotton Boll,苍棉花,传说3星,传说3星,80,ラケティカ大森林,The Rak'tika Greatwood,拉凯提卡大森林,,,"[33.75, 13.31]",763,0
漆黑,10,12,园艺,収集用のミラクルアップル原木,Rarefied Miracle Apple Log,收藏用仙果木原木,白票收藏品,白票收藏品,75,イル・メグ,Il Mheg,伊尔美格,,,"[4.04, 23.12]",773,0
漆黑,10,12,园艺,ペパーミント,Peppermint,欧薄荷,普通时限，未知点,普通时限，未知点,74,レイクランド,Lakeland,雷克兰德,,,"[26.28, 20.68]",629,0
漆黑,10,12,园艺,収集用のピクシーアップル,Rarefied Pixie Apple,收藏用仙子苹果,白票收藏品,白票收藏品,71,イル・メグ,Il Mheg,伊尔美格,,,"[4.04, 23.12]",773,0
红莲,10,12,采掘,クロマイト,Chromite Ore,铬铁矿,传说1星,传说1星,70,ギラバニア山岳地帯,The Peaks,基拉巴尼亚山区,,,"[15.93, 33.95]",503,0
红莲,10,12,采掘,ギラバニア清水,Gyr Abanian Spring Water,基拉巴尼亚清水,传说1星,传说1星,70,ギラバニア山岳地帯,The Peaks,基拉巴尼亚山区,,,"[15.93, 33.95]",503,0
红莲,10,12,采掘,常輝鉱,Evergleam Ore,常辉矿,传说3星,传说3星,70,ギラバニア湖畔地帯,The Lochs,基拉巴尼亚湖区,,,"[21.76, 13.53]",556,0
红莲,10,12,采掘,収集用のスタースピネル原石,Rarefied Raw Star Spinel,收藏用星尖石原石,白票收藏品,白票收藏品,63,紅玉海,The Ruby Sea,红玉海,,,"[21.2, 34.35]",312,0
红莲,10,12,园艺,タケノコ,Bamboo Shoot,竹笋,普通时限，未知点,普通时限，未知点,63,ヤンサ,Yanxia,延夏,,,"[28.83, 25.58]",522,0
苍天,10,12,采掘,レッドアルメン,Red Alumen,红明矾,传说1星,传说1星,60,アジス・ラー,Azys Lla,魔大陆阿济兹拉,,,"[35.7, 13.96]",326,0
苍天,10,12,园艺,スナーブルベリー,Snurbleberry,鲜红罗兰莓,传说1星,传说1星,60,低地ドラヴァニア,The Dravanian Hinterlands,龙堡内陆低地,,,"[38.72, 22.79]",349,0
苍天,10,12,园艺,ブラウンマッシュルーム,Brown Mushroom,棕菇,传说3星,传说3星,60,ドラヴァニア雲海,The Churning Mists,翻云雾海,,,"[8.67, 37.89]",299,0
苍天,10,12,采掘,レッドクォーツ,Red Quartz,深绯石英,普通时限，未知点,普通时限，未知点,58,アバラシア雲海,The Sea of Clouds,阿巴拉提亚云海,,,"[5.91, 5.74]",318,0
苍天,10,12,采掘,アバラシア岩塩,Abalathian Rock Salt,阿巴拉提亚岩盐,普通时限，未知点,普通时限，未知点,56,アバラシア雲海,The Sea of Clouds,阿巴拉提亚云海,,,"[5.91, 5.74]",318,0
苍天,10,12,园艺,チャイブ,Chives,库尔札斯青葱,普通时限，未知点,普通时限，未知点,55,クルザス西部高地,Coerthas Western Highlands,库尔札斯西部高地,,,"[30.52, 17.69]",339,0
苍天,10,12,园艺,収集用のダークチェスナットの枝,Rarefied Dark Chestnut Branch,收藏用暗栗树枝,白票收藏品,白票收藏品,55,高地ドラヴァニア,The Dravanian Forelands,龙堡参天高地,,,"[28.48, 29.4]",768,0
苍天,10,12,园艺,クルザス茶葉,Coerthan Tea Leaves,库尔札斯茶叶,普通时限，未知点,普通时限，未知点,53,クルザス西部高地,Coerthas Western Highlands,库尔札斯西部高地,,,"[30.52, 17.69]",339,0
苍天,10,12,园艺,クルザス茶樹の種,Coerthan Tea Seeds,库尔札斯茶树种子,普通时限，未知点,普通时限，未知点,53,クルザス西部高地,Coerthas Western Highlands,库尔札斯西部高地,,,"[30.52, 17.69]",339,0
苍天,10,12,园艺,収集用のダークチェスナット原木,Rarefied Dark Chestnut Log,收藏用暗栗木原木,白票收藏品,白票收藏品,53,高地ドラヴァニア,The Dravanian Forelands,龙堡参天高地,,,"[28.48, 29.4]",768,0
苍天,10,12,园艺,プチキャベツ,Pearl Sprouts,小包心菜,普通时限，未知点,普通时限，未知点,52,クルザス西部高地,Coerthas Western Highlands,库尔札斯西部高地,,,"[30.52, 17.69]",339,0
苍天,10,12,园艺,プチキャベツの種,Pearl Sprout Seeds,小包心菜种子,普通时限，未知点,普通时限，未知点,52,クルザス西部高地,Coerthas Western Highlands,库尔札斯西部高地,,,"[30.52, 17.69]",339,0
苍天,10,12,园艺,収集用のダークチェスナット樹液,Rarefied Dark Chestnut Sap,收藏用暗栗木树液,白票收藏品,白票收藏品,51,高地ドラヴァニア,The Dravanian Forelands,龙堡参天高地,,,"[28.48, 29.4]",768,0
新生,10,13,园艺,サイプレス原木,Cypress Log,丝柏原木,传说3星,传说3星,50,黒衣森：中央森林,Central Shroud,黑衣森林中央林区,,,"[24.8, 29.63]",249,0
新生,10,13,园艺,無属性クリスタル,Unaspected Crystal,无属性水晶,传说1星,传说1星,50,黒衣森：中央森林,Central Shroud,黑衣森林中央林区,,,"[24.8, 29.63]",249,0
新生,10,13,园艺,ダークマタークラスター,Dark Matter Cluster,暗物质晶簇,传说2星,传说2星,50,黒衣森：中央森林,Central Shroud,黑衣森林中央林区,,,"[24.8, 29.63]",249,0
晓月,12,14,采掘,極硬水,Stonehard Water,极硬水,传说,传说,90,ガレマルド,Garlemald,加雷马,第一个水晶,,"[32.17, 34.89]",834,0
晓月,12,14,采掘,北州苦灰石,Rime Dolomite,北洲苦灰石,传说1星,传说1星,90,ガレマルド,Garlemald,加雷马,第一个水晶,,"[32.17, 34.89]",834,0
晓月,12,14,园艺,収集用のエルダーナツメグ,Rarefied Elder Nutmeg,收藏用古代肉豆蔻,紫票收藏品,紫票收藏品,90,エルピス,Elpis,厄尔庇斯,第三个水晶,,"[24.98, 5.64]",853,0
晓月,12,14,园艺,ミロバラン,Haritaki,诃子,传说2星,传说2星,90,サベネア島,Thavnair,萨维奈岛,第一个水晶,,"[29.13,26.87]",627,6.2
晓月,12,14,采掘,不定性鉄隕石,Prime Siderite,不定性铁陨石,高难精选,高难精选,90,ガレマルド,Garlemald,加雷马,第一个水晶,,"[32.17, 34.89]",834,6.2
晓月,12,14,采掘,エブラーナダンビュライト原石,Raw Eblan Danburite,艾布拉纳赛黄晶原石,传说1星,传说1星,90,ガレマルド,Garlemald,加雷马,第一个水晶,,"[32.17, 34.89]",834,0
晓月,12,14,园艺,収集用のシューコン,Rarefied Sykon,收藏用无花果,白票收藏品,白票收藏品,87,エルピス,Elpis,厄尔庇斯,第三个水晶,,"[24.98, 5.64]",853,0
晓月,12,14,采掘,収集用の北洋岩塩,Rarefied Sharlayan Rock Salt,收藏用北洋岩盐,白票收藏品,白票收藏品,85,ラヴィリンソス,Labyrinthos,迷津,第一个水晶,,"[32.51, 21.26]",829,0
晓月,12,14,采掘,収集用のアメトリン原石,Rarefied Raw Ametrine,收藏用紫黄晶原石,白票收藏品,白票收藏品,81,ラヴィリンソス,Labyrinthos,迷津,第一个水晶,,"[32.51, 21.26]",829,0
漆黑,12,14,采掘,オニキス原石,Raw Onyx,黑玛瑙原石,普通时限，未知点,普通时限，未知点,80,テンペスト,The Tempest,黑风海,,,"[15.99, 21.64]",608,0
漆黑,12,14,园艺,テンダーイノンド,Tender Dill,柔嫩茴香,传说2星,传说2星,80,コルシア島,Kholusia,珂露西亚岛,,,"[28.45, 21.18]",684,0
漆黑,12,14,园艺,レガリスゼンマイ,Imperial Fern,帝王蕨菜,传说2星,传说2星,80,コルシア島,Kholusia,珂露西亚岛,,,"[28.45, 21.18]",684,0
漆黑,12,14,园艺,収集用のウルンダイ原木,Rarefied Urunday Log,收藏用乌仑代硬木原木,白票收藏品,白票收藏品,80,ギラバニア山岳地帯,The Peaks,基拉巴尼亚山区,,,"[30.61, 6.85]",777,0
漆黑,12,14,园艺,ハードワットル樹皮,Wattle Petribark,硬质金合欢树皮,传说3星,传说3星,80,レイクランド,Lakeland,雷克兰德,,,"[5.24, 26.56]",761,0
漆黑,12,14,园艺,ミストスピナッチ,Mist Spinach,迷雾菠菜,普通时限，未知点,普通时限，未知点,78,ラケティカ大森林,The Rak'tika Greatwood,拉凯提卡大森林,,,"[34.73, 21.56]",631,0
漆黑,12,14,采掘,トリプライト原石,Raw Triplite,三重石原石,普通时限，未知点,普通时限，未知点,76,アム・アレーン,Amh Araeng,安穆·艾兰,,,"[20.0, 28.99]",606,0
漆黑,12,14,园艺,ブロードビーン,Broad Beans,蚕豆,普通时限，未知点,普通时限，未知点,72,イル・メグ,Il Mheg,伊尔美格,,,"[24.88, 36.83]",628,0
红莲,12,14,园艺,藍麻,Rhea,苎麻,传说1星,传说1星,70,アジムステップ,The Azim Steppe,太阳神草原,,,"[19.72, 9.79]",528,0
红莲,12,14,园艺,アジム綿花,Azim Cotton Boll,太阳棉,传说1星,传说1星,70,アジムステップ,The Azim Steppe,太阳神草原,,,"[19.72, 9.79]",528,0
红莲,12,14,采掘,岩鉄,Gyr Abanian Ore,岩铁,传说3星,传说3星,70,ギラバニア辺境地帯,The Fringes,基拉巴尼亚边区,,,"[27.37, 30.25]",555,0
红莲,12,14,园艺,収集用のパイン原木,Rarefied Pine Log,收藏用松木原木,白票收藏品,白票收藏品,69,ヤンサ,Yanxia,延夏,,,"[18.7, 14.37]",772,0
红莲,12,14,园艺,収集用の松脂,Rarefied Pine Resin,收藏用松脂,白票收藏品,白票收藏品,67,ヤンサ,Yanxia,延夏,,,"[18.7, 14.37]",772,0
红莲,12,14,采掘,スタースピネル原石,Raw Star Spinel,星尖石原石,普通时限，未知点,普通时限，未知点,63,紅玉海,The Ruby Sea,红玉海,,,"[14.91, 5.04]",498,0
苍天,12,14,采掘,アストラルグラベル,Astral Moraine,星砂砾,传说1星,传说1星,60,クルザス西部高地,Coerthas Western Highlands,库尔札斯西部高地,,,"[37.05, 16.29]",321,0
苍天,12,14,采掘,バイオレットクォーツ,Violet Quartz,青紫石英,传说1星,传说1星,60,クルザス西部高地,Coerthas Western Highlands,库尔札斯西部高地,,,"[37.05, 16.29]",321,0
苍天,12,14,园艺,スイートアーモンド,Honeydew Almonds,甜扁桃,传说1星,传说1星,60,アバラシア雲海,The Sea of Clouds,阿巴拉提亚云海,,,"[21.16, 4.45]",348,0
苍天,12,14,园艺,チーク原木,Teak Log,柚木原木,传说3星,传说3星,60,低地ドラヴァニア,The Dravanian Hinterlands,龙堡内陆低地,,,"[5.84, 27.32]",292,0
苍天,12,14,园艺,収集用のダークチェスナット樹脂,Rarefied Dark Chestnut Resin,收藏用暗栗木树脂,白票收藏品,白票收藏品,59,高地ドラヴァニア,The Dravanian Forelands,龙堡参天高地,,,"[14.74, 36.15]",769,0
苍天,12,14,采掘,アダマン鉱,Adamantite Ore,精金矿,普通时限，未知点,普通时限，未知点,57,アジス・ラー,Azys Lla,魔大陆阿济兹拉,,,"[22.74, 3.99]",320,0
苍天,12,14,园艺,収集用のダークマロン,Rarefied Dark Chestnut,收藏用毛栗子,白票收藏品,白票收藏品,57,高地ドラヴァニア,The Dravanian Forelands,龙堡参天高地,,,"[14.74, 36.15]",769,0
苍天,12,14,园艺,ドラヴァニアミスルトゥ,Dravanian Mistletoe,龙堡槲寄生,普通时限，未知点,普通时限，未知点,54,ドラヴァニア雲海,The Churning Mists,翻云雾海,,,"[25.04, 7.02]",341,0
苍天,12,14,园艺,ポルチーニ,Porcini,牛肝菌,普通时限，未知点,普通时限，未知点,51,ドラヴァニア雲海,The Churning Mists,翻云雾海,,,"[25.04, 7.02]",341,0
红莲,12,14,采掘,アラミゴ塩,Ala Mhigan Salt Crystal,阿拉米格盐,水晶,水晶,26,ギラバニア湖畔地帯,The Lochs,基拉巴尼亚湖区,,,"[21.2, 28.95]",502,0
晓月,12,16,园艺,パームチップ,Palm Chippings,棕榈碎皮,精选巨树灵砂,精选巨树灵砂,90,サベネア島,Thavnair,萨维奈岛,第二个水晶,,"[26.77, 15.67]",850,0
漆黑,12,16,园艺,ボッグセージ,Bog Sage,沼泽鼠尾草,精选古树灵砂,精选古树灵砂,80,レイクランド,Lakeland,雷克兰德,,,"[31.65, 36.55]",622,0
漆黑,12,16,园艺,ライトニングミント,Levin Mint,雷霆薄荷,精选雷之晶簇,精选雷之晶簇,80,レイクランド,Lakeland,雷克兰德,,,"[31.65, 36.55]",622,0
红莲,12,16,采掘,ヤンサ沃土,Yanxian Soil,延夏沃土,精选黄昏灵砂,精选黄昏灵砂,70,アジムステップ,The Azim Steppe,太阳神草原,,,"[34.77, 24.5]",496,0
红莲,12,16,采掘,ショール,Schorl,黑碧玺,精选极光灵砂,精选极光灵砂,66,アジムステップ,The Azim Steppe,太阳神草原,,,"[34.77, 24.5]",496,0
苍天,12,16,采掘,レイディアントアストラルグラベル,Radiant Astral Moraine,星光砾,精选白光灵砂,精选白光灵砂,60,ドラヴァニア雲海,The Churning Mists,翻云雾海,,,"[18.3, 36.63]",311,0
苍天,12,16,采掘,レイディアントファイアグラベル,Radiant Fire Moraine,火光砾,精选大地灵砂,精选大地灵砂,60,ドラヴァニア雲海,The Churning Mists,翻云雾海,,,"[18.3, 36.63]",311,0
苍天,12,16,采掘,強火性岩,Bright Fire Rock,强火性岩,精选晓光灵砂,精选晓光灵砂,58,ドラヴァニア雲海,The Churning Mists,翻云雾海,,,"[18.3, 36.63]",311,0
苍天,12,16,采掘,ファイアグラベル,Fire Moraine,火砂砾,精选微光灵砂,精选微光灵砂,56,ドラヴァニア雲海,The Churning Mists,翻云雾海,,,"[18.3, 36.63]",311,0
苍天,12,16,采掘,ファイアクラスター,Fire Cluster,火之晶簇,晶簇,晶簇,50,ドラヴァニア雲海,The Churning Mists,翻云雾海,,,"[18.3, 36.63]",311,0
红莲,12,16,采掘,ライトニングクラスター,Lightning Cluster,雷之晶簇,晶簇,晶簇,50,アジムステップ,The Azim Steppe,太阳神草原,,,"[34.77, 24.5]",496,0
漆黑,12,16,园艺,アースクラスター,Earth Cluster,土之晶簇,晶簇,晶簇,50,レイクランド,Lakeland,雷克兰德,,,"[31.65, 36.55]",622,0
晓月,12,16,园艺,ファイアクラスター,Fire Cluster,火之晶簇,晶簇,晶簇,50,サベネア島,Thavnair,萨维奈岛,第二个水晶,,"[26.77, 15.67]",850,0
苍天,12,16,采掘,ファイアクリスタル,Fire Crystal,火之水晶,水晶,水晶,26,ドラヴァニア雲海,The Churning Mists,翻云雾海,,,"[18.3, 36.63]",311,0
红莲,12,16,采掘,ライトニングクリスタル,Lightning Crystal,雷之水晶,水晶,水晶,26,アジムステップ,The Azim Steppe,太阳神草原,,,"[34.77, 24.5]",496,0
漆黑,12,16,园艺,アースクリスタル,Earth Crystal,土之水晶,水晶,水晶,26,レイクランド,Lakeland,雷克兰德,,,"[31.65, 36.55]",622,0
晓月,12,16,园艺,ファイアクリスタル,Fire Crystal,火之水晶,水晶,水晶,26,サベネア島,Thavnair,萨维奈岛,第二个水晶,,"[26.77, 15.67]",850,0
新生,13,16,园艺,ヴァンパイアプラント,Vampire Plant,吸血枝,传说1星,传说1星,50,クルザス中央高地,Coerthas Central Highlands,库尔札斯中央高地,,,"[26.58, 24.44]",212,0
新生,13,16,园艺,無属性クリスタル,Unaspected Crystal,无属性水晶,传说1星,传说1星,50,クルザス中央高地,Coerthas Central Highlands,库尔札斯中央高地,,,"[26.58, 24.44]",212,0
新生,13,16,园艺,ダークマタークラスター,Dark Matter Cluster,暗物质晶簇,传说2星,传说2星,50,クルザス中央高地,Coerthas Central Highlands,库尔札斯中央高地,,,"[26.58, 24.44]",212,0
新生,13,16,园艺,ゼーメルトマト,Dzemael Tomato,泽梅尔番茄,传说1星,传说1星,50,東ラノシア,Eastern La Noscea,东拉诺西亚,,,"[17.56, 27.61]",220,0
新生,13,16,园艺,ゼーメルトマトの種,Dzemael Tomato Seeds,泽梅尔番茄种子,传说1星,传说1星,50,東ラノシア,Eastern La Noscea,东拉诺西亚,,,"[17.56, 27.61]",220,0
新生,13,16,园艺,無属性クリスタル,Unaspected Crystal,无属性水晶,传说1星,传说1星,50,東ラノシア,Eastern La Noscea,东拉诺西亚,,,"[17.56, 27.61]",220,0
新生,13,16,园艺,ダークマタークラスター,Dark Matter Cluster,暗物质晶簇,传说2星,传说2星,50,東ラノシア,Eastern La Noscea,东拉诺西亚,,,"[17.56, 27.61]",220,0
新生,13,16,园艺,ブラックトリュフ,Black Truffle,黑松露,传说1星,传说1星,50,東ザナラーン,Eastern Thanalan,东萨纳兰,,,"[12.35, 15.89]",221,0
新生,13,16,园艺,マズラヤの野草,Mazlaya Greens,马兹拉雅草,传说1星,传说1星,50,東ザナラーン,Eastern Thanalan,东萨纳兰,,,"[12.35, 15.89]",221,0
新生,13,16,园艺,無属性クリスタル,Unaspected Crystal,无属性水晶,传说1星,传说1星,50,東ザナラーン,Eastern Thanalan,东萨纳兰,,,"[12.35, 15.89]",221,0
新生,13,16,园艺,ダークマタークラスター,Dark Matter Cluster,暗物质晶簇,传说2星,传说2星,50,東ザナラーン,Eastern Thanalan,东萨纳兰,,,"[12.35, 15.89]",221,0
新生,13,16,采掘,ファイアクラスター,Fire Cluster,火之晶簇,晶簇,晶簇,50,モードゥナ,Mor Dhona,摩杜纳,,,"[27.83, 10.93]",227,0
新生,13,16,采掘,アイスクラスター,Ice Cluster,冰之晶簇,晶簇,晶簇,50,モードゥナ,Mor Dhona,摩杜纳,,,"[27.83, 10.93]",227,0
新生,13,16,采掘,ウィンドクラスター,Wind Cluster,风之晶簇,晶簇,晶簇,50,モードゥナ,Mor Dhona,摩杜纳,,,"[27.83, 10.93]",227,0
新生,13,16,采掘,アースクラスター,Earth Cluster,土之晶簇,晶簇,晶簇,50,モードゥナ,Mor Dhona,摩杜纳,,,"[27.83, 10.93]",227,0
新生,13,16,采掘,ライトニングクラスター,Lightning Cluster,雷之晶簇,晶簇,晶簇,50,モードゥナ,Mor Dhona,摩杜纳,,,"[27.83, 10.93]",227,0
新生,13,16,采掘,ウォータークラスター,Water Cluster,水之晶簇,晶簇,晶簇,50,モードゥナ,Mor Dhona,摩杜纳,,,"[27.83, 10.93]",227,0
新生,13,16,采掘,無属性クリスタル,Unaspected Crystal,无属性水晶,传说1星,传说1星,50,モードゥナ,Mor Dhona,摩杜纳,,,"[27.83, 10.93]",227,0
新生,13,16,采掘,ダークマタークラスター,Dark Matter Cluster,暗物质晶簇,传说2星,传说2星,50,モードゥナ,Mor Dhona,摩杜纳,,,"[27.83, 10.93]",227,0
晓月,14,16,采掘,収集用のエブラーナアルメン,Rarefied Eblan Alumen,收藏用艾布拉纳明矾,紫票收藏品,紫票收藏品,90,ガレマルド,Garlemald,加雷马,第一个水晶,,"[12.79, 21.9]",831,0
晓月,14,16,采掘,極硬水,Stonehard Water,极硬水,传说,传说,90,嘆きの海,Mare Lamentorum,叹息海,第一个水晶,,"[9.53, 23.34]",835,0
晓月,14,16,采掘,ルナアダマン鉱,Lunar Adamantite Ore,月精金矿,传说1星,传说1星,90,嘆きの海,Mare Lamentorum,叹息海,第一个水晶,,"[9.53, 23.34]",835,0
晓月,14,16,园艺,パルダオ原木,Paldao Log,仁面木原木,传说2星,传说2星,90,エルピス,Elpis,厄尔庇斯,第二个水晶,,"[9.83,29.85]",463,6.2
晓月,14,16,采掘,収集用のフリギアンゴールド鉱,Rarefied Phrygian Gold Ore,收藏用弗里金矿,白票收藏品,白票收藏品,87,ガレマルド,Garlemald,加雷马,第一个水晶,,"[12.79, 21.9]",831,0
晓月,14,16,园艺,収集用のココナッツ,Rarefied Coconut,收藏用椰子,白票收藏品,白票收藏品,85,サベネア島,Thavnair,萨维奈岛,第二个水晶,,"[14.39, 14.53]",851,0
晓月,14,16,园艺,収集用のパーム原木,Rarefied Palm Log,收藏用棕榈原木,白票收藏品,白票收藏品,81,サベネア島,Thavnair,萨维奈岛,第二个水晶,,"[14.39, 14.53]",851,0
漆黑,14,16,采掘,収集用のタングステン鉱,Rarefied Tungsten Ore,收藏用重钨矿,白票收藏品,白票收藏品,80,テンペスト,The Tempest,黑风海,,,"[32.73, 20.58]",766,0
漆黑,14,16,园艺,サンダルウッド原木,Sandalwood Log,檀香木原木,传说1星,传说1星,80,ラケティカ大森林,The Rak'tika Greatwood,拉凯提卡大森林,,,"[24.74, 36.94]",633,0
漆黑,14,16,园艺,サンダルウッド樹液,Sandalwood Sap,檀香木树液,传说1星,传说1星,80,ラケティカ大森林,The Rak'tika Greatwood,拉凯提卡大森林,,,"[24.74, 36.94]",633,0
漆黑,14,16,采掘,金錫鉱,Brashgold Ore,金锡矿,传说2星,传说2星,80,レイクランド,Lakeland,雷克兰德,,,"[4.74, 34.01]",681,0
漆黑,14,16,采掘,輝コバルト鉱,Fireheart Cobalt,辉钴铁矿,传说2星,传说2星,80,レイクランド,Lakeland,雷克兰德,,,"[4.74, 34.01]",681,0
漆黑,14,16,园艺,収集用のアンバークローヴ,Rarefied Amber Cloves,收藏用琥珀丁香,白票收藏品,白票收藏品,80,アム・アレーン,Amh Araeng,安穆·艾兰,,,"[18.6, 20.52]",775,0
漆黑,14,16,采掘,白夜結晶,Solstice Stone,白夜结晶,传说3星,传说3星,80,イル・メグ,Il Mheg,伊尔美格,,,"[35.71, 8.71]",759,0
漆黑,14,16,采掘,収集用の海底岩,Rarefied Reef Rock,收藏用海底岩,白票收藏品,白票收藏品,79,テンペスト,The Tempest,黑风海,,,"[32.73, 20.58]",766,0
漆黑,14,16,园艺,収集用のサンドチーク原木,Rarefied Sandteak Log,收藏用沙柚木原木,白票收藏品,白票收藏品,77,アム・アレーン,Amh Araeng,安穆·艾兰,,,"[18.6, 20.52]",775,0
红莲,14,16,采掘,トリフェーン原石,Raw Triphane,锂辉石原石,传说2星,传说2星,70,ギラバニア辺境地帯,The Fringes,基拉巴尼亚边区,,,"[25.26, 8.29]",497,0
红莲,14,16,园艺,オサードプラム,Othardian Plum,奥萨德梅,普通时限，未知点,普通时限，未知点,70,アジムステップ,The Azim Steppe,太阳神草原,,,"[27.19, 16.29]",523,0
红莲,14,16,园艺,真麻,Hingan Flax,真麻,传说2星,传说2星,70,ギラバニア山岳地帯,The Peaks,基拉巴尼亚山区,,,"[24.74, 36.11]",538,0
红莲,14,16,园艺,延夏綿,Yanxian Cotton Boll,延夏棉,传说3星,传说3星,70,ヤンサ,Yanxia,延夏,,,"[28.35, 35.37]",558,0
漆黑,14,16,采掘,ヘマタイト原石,Raw Hematite,乌钢石原石,传说2星,传说2星,70,コルシア島,Kholusia,珂露西亚岛,,,"[33.97, 23.22]",603,0
红莲,14,16,园艺,収集用のラーチ樹液,Rarefied Larch Sap,收藏用落叶松树液,白票收藏品,白票收藏品,65,紅玉海,The Ruby Sea,红玉海,,,"[5.96, 15.77]",770,0
红莲,14,16,园艺,収集用のラーチ原木,Rarefied Larch Log,收藏用落叶松原木,白票收藏品,白票收藏品,61,紅玉海,The Ruby Sea,红玉海,,,"[5.96, 15.77]",770,0
苍天,14,16,采掘,皇金鉱,Aurum Regis Ore,皇金矿,传说1星,传说1星,60,ドラヴァニア雲海,The Churning Mists,翻云雾海,,,"[7.87, 36.61]",323,0
苍天,14,16,采掘,光霊銀鉱,Lumythrite Ore,光银矿,传说1星,传说1星,60,ドラヴァニア雲海,The Churning Mists,翻云雾海,,,"[7.87, 36.61]",323,0
苍天,14,16,园艺,ワットル樹皮,Wattle Bark,金合欢树皮,传说1星,传说1星,60,アジス・ラー,Azys Lla,魔大陆阿济兹拉,,,"[21.98, 7.38]",350,0
苍天,14,16,采掘,重石華,Tungstite,钨华,传说3星,传说3星,60,クルザス西部高地,Coerthas Western Highlands,库尔札斯西部高地,,,"[8.54, 7.72]",289,0
苍天,14,16,采掘,収集用の皇金砂,Rarefied Aurum Regis Sand,收藏用皇金沙,白票收藏品,白票收藏品,59,アバラシア雲海,The Sea of Clouds,阿巴拉提亚云海,,,"[19.46, 9.93]",308,0
苍天,14,16,采掘,収集用のアバラシア天然水,Rarefied Abalathian Spring Water,收藏用阿巴拉提亚天然水,白票收藏品,白票收藏品,57,アバラシア雲海,The Sea of Clouds,阿巴拉提亚云海,,,"[19.46, 9.93]",308,0
苍天,14,16,园艺,オールドワールドフィグ,Old World Fig,旧世界无花果,传说3星,传说3星,50,高地ドラヴァニア,The Dravanian Forelands,龙堡参天高地,,,"[25.76, 11.76]",340,0
苍天,14,16,园艺,オールドワールドフィグの種,Old World Fig Seeds,旧世界无花果种子,传说3星,传说3星,50,高地ドラヴァニア,The Dravanian Forelands,龙堡参天高地,,,"[25.76, 11.76]",340,0
苍天,14,16,园艺,ダークマタークラスター,Dark Matter Cluster,暗物质晶簇,传说2星,传说2星,50,高地ドラヴァニア,The Dravanian Forelands,龙堡参天高地,,,"[25.76, 11.76]",340,0
晓月,16,18,采掘,収集用の白目鉱,Rarefied Pewter Ore,收藏用白镴矿,紫票收藏品,紫票收藏品,90,サベネア島,Thavnair,萨维奈岛,第三个水晶,,"[32.43, 24.96]",833,0
晓月,16,18,采掘,極硬水,Stonehard Water,极硬水,传说,传说,90,エルピス,Elpis,厄尔庇斯,第一个水晶,,"[13.57, 7.19]",836,0
晓月,16,18,采掘,ロジウム砂,Rhodium Sand,铑金沙,传说1星,传说1星,90,エルピス,Elpis,厄尔庇斯,第三个水晶,,"[13.57, 7.19]",836,0
晓月,16,18,园艺,渋木,Bayberry,杨梅,传说2星,传说2星,90,ラヴィリンソス,Labyrinthos,迷津,第一个水晶,,"[28.15,11.41]",695,6.2
晓月,16,18,园艺,朝霧の樹皮,Mornveil Tree Bark,晨雾树皮,传说2星,传说2星,90,ラヴィリンソス,Labyrinthos,迷津,第一个水晶,,"[28.15,11.41]",695,6.3
晓月,16,18,园艺,収集用のレッドパイン原木,Rarefied Red Pine Log,收藏用红松原木,白票收藏品,白票收藏品,83,ガレマルド,Garlemald,加雷马,第二个水晶,,"[35.07, 5.82]",852,0
漆黑,16,18,采掘,虹結晶,Prismstone,彩虹晶,传说1星,传说1星,80,イル・メグ,Il Mheg,伊尔美格,,,"[30.59, 20.62]",609,0
漆黑,16,18,采掘,ベリリウム鉱,Beryllium Ore,轻铍矿,传说1星,传说1星,80,イル・メグ,Il Mheg,伊尔美格,,,"[30.59, 20.62]",609,0
漆黑,16,18,园艺,収集用の珊瑚,Rarefied Coral,收藏用珊瑚,白票收藏品,白票收藏品,80,テンペスト,The Tempest,黑风海,,,"[37.5, 11.63]",776,0
漆黑,16,18,园艺,紫根,Duskblooms,紫草,传说2星,传说2星,80,アム・アレーン,Amh Araeng,安穆·艾兰,,,"[32.25, 33.55]",714,0
漆黑,16,18,采掘,超硬水,Hard Water,超硬水,传说3星,传说3星,80,コルシア島,Kholusia,珂露西亚岛,,,"[36.19, 12.29]",758,0
漆黑,16,18,园艺,収集用の海藻,Rarefied Kelp,收藏用海藻,白票收藏品,白票收藏品,79,テンペスト,The Tempest,黑风海,,,"[37.5, 11.63]",776,0
漆黑,16,18,采掘,収集用のペタライト原石,Rarefied Raw Petalite,收藏用透锂长石原石,白票收藏品,白票收藏品,75,レイクランド,Lakeland,雷克兰德,,,"[31.25, 24.14]",330,0
漆黑,16,18,采掘,ラズライト原石,Raw Lazurite,青金石原石,普通时限，未知点,普通时限，未知点,74,ラケティカ大森林,The Rak'tika Greatwood,拉凯提卡大森林,,,"[19.76, 20.54]",605,0
漆黑,16,18,采掘,収集用の賢銅鉱,Rarefied Titancopper Ore,收藏用钛铜矿,白票收藏品,白票收藏品,71,レイクランド,Lakeland,雷克兰德,,,"[31.25, 24.14]",330,0
红莲,16,18,采掘,清金鉱,Palladium Ore,钯金矿,传说1星,传说1星,70,ヤンサ,Yanxia,延夏,,,"[20.46, 9.71]",504,0
红莲,16,18,园艺,ラールガースタッフ,Rhalgr's Streak,破坏神之杖,普通时限，未知点,普通时限，未知点,70,ギラバニア湖畔地帯,The Lochs,基拉巴尼亚湖区,,,"[6.87, 8.99]",526,0
红莲,16,18,园艺,ブラックウィロー原木,Black Willow Log,黑柳原木,传说2星,传说2星,70,ギラバニア辺境地帯,The Fringes,基拉巴尼亚边区,,,"[14.89, 21.24]",537,0
红莲,16,18,园艺,老木樹液塊,Hardened Veteran Tree Sap,古木树液块,传说2星,传说2星,70,ギラバニア辺境地帯,The Fringes,基拉巴尼亚边区,,,"[14.89, 21.24]",537,0
红莲,16,18,园艺,ウルンダイ原木,Urunday Log,乌仑代硬木原木,传说3星,传说3星,70,ギラバニア山岳地帯,The Peaks,基拉巴尼亚山区,,,"[33.37, 10.63]",557,0
红莲,16,18,园艺,ジャムメルジンジャー,Jhammel Ginger,长颈骆姜,普通时限，未知点,普通时限，未知点,68,ギラバニア湖畔地帯,The Lochs,基拉巴尼亚湖区,,,"[6.87, 8.99]",526,0
红莲,16,18,采掘,アズライト原石,Raw Azurite,石青原石,普通时限，未知点,普通时限，未知点,66,アジムステップ,The Azim Steppe,太阳神草原,,,"[4.94, 29.55]",501,0
红莲,16,18,园艺,収集用の椎茸,Rarefied Shiitake Mushroom,收藏用香菇,白票收藏品,白票收藏品,63,紅玉海,The Ruby Sea,红玉海,,,"[33.11, 9.23]",771,0
苍天,16,18,采掘,金雲母,Sun Mica,金云母,传说1星,传说1星,60,アバラシア雲海,The Sea of Clouds,阿巴拉提亚云海,,,"[36.04, 37.43]",324,0
苍天,16,18,园艺,アストラルフラワー,Seventh Heaven,星极花,传说1星,传说1星,60,ドラヴァニア雲海,The Churning Mists,翻云雾海,,,"[16.29, 36.67]",347,0
苍天,16,18,园艺,星綿,Star Cotton Boll,星棉,传说3星,传说3星,60,アジス・ラー,Azys Lla,魔大陆阿济兹拉,,,"[6.16, 29.55]",293,0
苍天,16,18,园艺,モリーユ,Morel,伞蘑,普通时限，未知点,普通时限，未知点,59,低地ドラヴァニア,The Dravanian Hinterlands,龙堡内陆低地,,,"[14.65, 36.86]",343,0
苍天,16,18,园艺,クラウドバナナ,Cloud Banana,云海香蕉,普通时限，未知点,普通时限，未知点,57,低地ドラヴァニア,The Dravanian Hinterlands,龙堡内陆低地,,,"[14.65, 36.86]",343,0
苍天,16,18,采掘,収集用の褐鉄鉱,Rarefied Limonite,收藏用褐铁矿,白票收藏品,白票收藏品,55,高地ドラヴァニア,The Dravanian Forelands,龙堡参天高地,,,"[30.06, 31.62]",306,0
苍天,16,18,采掘,収集用の輝銅鉱,Rarefied Chalcocite,收藏用辉铜矿,白票收藏品,白票收藏品,53,高地ドラヴァニア,The Dravanian Forelands,龙堡参天高地,,,"[30.06, 31.62]",306,0
苍天,16,18,采掘,収集用の黄鉄鉱,Rarefied Pyrite,收藏用黄铁矿,白票收藏品,白票收藏品,51,高地ドラヴァニア,The Dravanian Forelands,龙堡参天高地,,,"[30.06, 31.62]",306,0
漆黑,16,20,采掘,轟雷性岩,Thunder Rock,轰雷性岩,精选雷鸣灵砂,精选雷鸣灵砂,80,コルシア島,Kholusia,珂露西亚岛,,,"[33.01, 18.54]",601,0
漆黑,16,20,采掘,シャドウクォーツ,Shade Quartz,暗影石英,精选险山灵砂,精选险山灵砂,80,コルシア島,Kholusia,珂露西亚岛,,,"[33.01, 18.54]",601,0
红莲,16,20,园艺,ヤンサバーベナ,Yanxian Verbena,延夏马鞭草,精选黄昏灵砂,精选黄昏灵砂,70,ヤンサ,Yanxia,延夏,,,"[32.09, 26.69]",518,0
红莲,16,20,园艺,風茶葉,Windtea Leaves,风茶叶,普通时限，精选点,普通时限，精选点,66,ヤンサ,Yanxia,延夏,,,"[32.09, 26.69]",518,0
红莲,16,20,园艺,姫茶葉,Countess Tea Leaves,公主茶叶,精选极光灵砂,精选极光灵砂,66,ヤンサ,Yanxia,延夏,,,"[32.09, 26.69]",518,0
苍天,16,20,采掘,レイディアントアストラルグラベル,Radiant Astral Moraine,星光砾,精选白光灵砂,精选白光灵砂,60,アバラシア雲海,The Sea of Clouds,阿巴拉提亚云海,,,"[24.22, 30.69]",313,0
苍天,16,20,采掘,レイディアントライトニンググラベル,Radiant Lightning Moraine,雷光砾,精选大地灵砂,精选大地灵砂,60,アバラシア雲海,The Sea of Clouds,阿巴拉提亚云海,,,"[24.22, 30.69]",313,0
苍天,16,20,园艺,黒土,Black Soil,黑土,普通时限，精选点,普通时限，精选点,60,ドラヴァニア雲海,The Churning Mists,翻云雾海,,,"[8.6, 36.65]",333,0
苍天,16,20,园艺,腐植土,Humic Soil,腐殖土,精选大树灵砂,精选大树灵砂,60,ドラヴァニア雲海,The Churning Mists,翻云雾海,,,"[8.6, 36.65]",333,0
苍天,16,20,园艺,メネフィナローレル,Lover's Laurel,梅茵菲娜月桂,精选白光灵砂,精选白光灵砂,60,ドラヴァニア雲海,The Churning Mists,翻云雾海,,,"[8.6, 36.65]",333,0
苍天,16,20,采掘,強雷性岩,Bright Lightning Rock,强雷性岩,精选晓光灵砂,精选晓光灵砂,58,アバラシア雲海,The Sea of Clouds,阿巴拉提亚云海,,,"[24.22, 30.69]",313,0
苍天,16,20,园艺,ピートモス,Peat Moss,灰玉土,精选晓光灵砂,精选晓光灵砂,58,ドラヴァニア雲海,The Churning Mists,翻云雾海,,,"[8.6, 36.65]",333,0
苍天,16,20,采掘,ライトニンググラベル,Lightning Moraine,雷砂砾,精选微光灵砂,精选微光灵砂,56,アバラシア雲海,The Sea of Clouds,阿巴拉提亚云海,,,"[24.22, 30.69]",313,0
苍天,16,20,园艺,赤玉土,Granular Clay,赤玉土,精选微光灵砂,精选微光灵砂,56,ドラヴァニア雲海,The Churning Mists,翻云雾海,,,"[8.6, 36.65]",333,0
苍天,16,20,采掘,ライトニングクラスター,Lightning Cluster,雷之晶簇,晶簇,晶簇,50,アバラシア雲海,The Sea of Clouds,阿巴拉提亚云海,,,"[24.22, 30.69]",313,0
苍天,16,20,园艺,アースクラスター,Earth Cluster,土之晶簇,晶簇,晶簇,50,ドラヴァニア雲海,The Churning Mists,翻云雾海,,,"[8.6, 36.65]",333,0
红莲,16,20,园艺,ウィンドクラスター,Wind Cluster,风之晶簇,晶簇,晶簇,50,ヤンサ,Yanxia,延夏,,,"[32.09, 26.69]",518,0
漆黑,16,20,采掘,ファイアクラスター,Fire Cluster,火之晶簇,晶簇,晶簇,50,コルシア島,Kholusia,珂露西亚岛,,,"[33.01, 18.54]",601,0
苍天,16,20,采掘,ライトニングクリスタル,Lightning Crystal,雷之水晶,水晶,水晶,26,アバラシア雲海,The Sea of Clouds,阿巴拉提亚云海,,,"[24.22, 30.69]",313,0
苍天,16,20,园艺,アースクリスタル,Earth Crystal,土之水晶,水晶,水晶,26,ドラヴァニア雲海,The Churning Mists,翻云雾海,,,"[8.6, 36.65]",333,0
红莲,16,20,园艺,ウィンドクリスタル,Wind Crystal,风之水晶,水晶,水晶,26,ヤンサ,Yanxia,延夏,,,"[32.09, 26.69]",518,0
漆黑,16,20,采掘,ファイアクリスタル,Fire Crystal,火之水晶,水晶,水晶,26,コルシア島,Kholusia,珂露西亚岛,,,"[33.01, 18.54]",601,0
新生,17,20,园艺,サベネアミスルトゥ,Thavnairian Mistletoe,萨维奈槲寄生,传说1星,传说1星,50,クルザス中央高地,Coerthas Central Highlands,库尔札斯中央高地,,,"[8.47, 13.35]",213,0
新生,17,20,园艺,無属性クリスタル,Unaspected Crystal,无属性水晶,传说1星,传说1星,50,クルザス中央高地,Coerthas Central Highlands,库尔札斯中央高地,,,"[8.47, 13.35]",213,0
新生,17,20,园艺,ダークマタークラスター,Dark Matter Cluster,暗物质晶簇,传说2星,传说2星,50,クルザス中央高地,Coerthas Central Highlands,库尔札斯中央高地,,,"[8.47, 13.35]",213,0
新生,17,20,采掘,ラノシア岩塩,Volcanic Rock Salt,拉诺西亚岩盐,传说1星,传说1星,50,東ラノシア,Eastern La Noscea,东拉诺西亚,,,"[19.36, 33.09]",224,0
新生,17,20,采掘,無属性クリスタル,Unaspected Crystal,无属性水晶,传说1星,传说1星,50,東ラノシア,Eastern La Noscea,东拉诺西亚,,,"[19.36, 33.09]",224,0
新生,17,20,采掘,ダークマタークラスター,Dark Matter Cluster,暗物质晶簇,传说2星,传说2星,50,東ラノシア,Eastern La Noscea,东拉诺西亚,,,"[19.36, 33.09]",224,0
新生,17,20,采掘,ファイアクラスター,Fire Cluster,火之晶簇,晶簇,晶簇,50,モードゥナ,Mor Dhona,摩杜纳,,,"[27.83, 10.93]",227,0
新生,17,20,采掘,アイスクラスター,Ice Cluster,冰之晶簇,晶簇,晶簇,50,モードゥナ,Mor Dhona,摩杜纳,,,"[27.83, 10.93]",227,0
新生,17,20,采掘,ウィンドクラスター,Wind Cluster,风之晶簇,晶簇,晶簇,50,モードゥナ,Mor Dhona,摩杜纳,,,"[27.83, 10.93]",227,0
新生,17,20,采掘,アースクラスター,Earth Cluster,土之晶簇,晶簇,晶簇,50,モードゥナ,Mor Dhona,摩杜纳,,,"[27.83, 10.93]",227,0
新生,17,20,采掘,ライトニングクラスター,Lightning Cluster,雷之晶簇,晶簇,晶簇,50,モードゥナ,Mor Dhona,摩杜纳,,,"[27.83, 10.93]",227,0
新生,17,20,采掘,ウォータークラスター,Water Cluster,水之晶簇,晶簇,晶簇,50,モードゥナ,Mor Dhona,摩杜纳,,,"[27.83, 10.93]",227,0
新生,17,20,采掘,無属性クリスタル,Unaspected Crystal,无属性水晶,传说1星,传说1星,50,モードゥナ,Mor Dhona,摩杜纳,,,"[27.83, 10.93]",227,0
新生,17,20,采掘,ダークマタークラスター,Dark Matter Cluster,暗物质晶簇,传说2星,传说2星,50,モードゥナ,Mor Dhona,摩杜纳,,,"[27.83, 10.93]",227,0
新生,17,20,园艺,ローズマリー,Rosemary,迷迭香,传说3星,传说3星,50,黒衣森：東部森林,East Shroud,黑衣森林东部林区,,,"[22.72, 30.59]",251,0
新生,17,20,园艺,マズラヤの野草,Mazlaya Greens,马兹拉雅草,传说1星,传说1星,50,黒衣森：東部森林,East Shroud,黑衣森林东部林区,,,"[22.72, 30.59]",251,0
新生,17,20,采掘,バジリスクの初卵,Virgin Basilisk Egg,石蜥蜴的初蛋,传说3星,传说3星,50,北ザナラーン,Northern Thanalan,北萨纳兰,,,"[23.08, 24.3]",252,0
新生,17,20,采掘,グレガリアスワーム,Gregarious Worm,群居蠕虫,传说2星,传说2星,50,北ザナラーン,Northern Thanalan,北萨纳兰,,,"[23.08, 24.3]",252,0
新生,17,20,采掘,無属性クリスタル,Unaspected Crystal,无属性水晶,传说1星,传说1星,50,北ザナラーン,Northern Thanalan,北萨纳兰,,,"[23.08, 24.3]",252,0
新生,17,20,采掘,ダークマタークラスター,Dark Matter Cluster,暗物质晶簇,传说2星,传说2星,50,北ザナラーン,Northern Thanalan,北萨纳兰,,,"[23.08, 24.3]",252,0
晓月,18,20,园艺,収集用のアイスバーグレタス,Rarefied Iceberg Lettuce,收藏用冰山莴苣,紫票收藏品,紫票收藏品,90,ラヴィリンソス,Labyrinthos,迷津,第三个水晶,,"[9.99, 22.36]",854,0
晓月,18,20,园艺,天然香辛料,Potent Spice,天然香料,传说,传说,90,エルピス,Elpis,厄尔庇斯,第一个水晶,,"[33.17, 14.77]",856,0
晓月,18,20,园艺,メンピサン原木,Mempisang Log,藤春木原木,传说1星,传说1星,90,エルピス,Elpis,厄尔庇斯,第一个水晶,,"[33.17, 14.77]",856,0
晓月,18,20,采掘,ルチルクォーツ原石,Raw Rutilated Quartz,发晶原石,传说2星,传说2星,90,ガレマルド,Garlemald,加雷马,第二个水晶,,"[31.95,17.36]",338,6.2
晓月,18,20,采掘,ゾイサイト原石,Raw Zoisite,黝帘石原石,传说2星,传说2星,90,ガレマルド,Garlemald,加雷马,第二个水晶,,"[31.95,17.36]",338,6.3
晓月,18,20,园艺,収集用の黒麦,Rarefied Dark Rye,收藏用裸麦,白票收藏品,白票收藏品,89,ラヴィリンソス,Labyrinthos,迷津,第三个水晶,,"[9.99, 22.36]",854,0
晓月,18,20,采掘,収集用の蒼鉛鉱,Rarefied Bismuth Ore,收藏用铋矿,白票收藏品,白票收藏品,83,嘆きの海,Mare Lamentorum,叹息海,第一个水晶,,"[16.38, 32.65]",830,0
漆黑,18,20,园艺,リトルレモン,Lemonette,小柠檬,普通时限，未知点,普通时限，未知点,80,コルシア島,Kholusia,珂露西亚岛,,,"[20.12, 27.35]",632,0
漆黑,18,20,采掘,プルプラシェルチップ,Purpure Shell Chip,尊紫碎块,传说2星,传说2星,80,テンペスト,The Tempest,黑风海,,,"[34.45, 31.43]",682,0
漆黑,18,20,园艺,シルバービーチ原木,Silver Beech Log,银山毛榉原木,传说3星,传说3星,80,アム・アレーン,Amh Araeng,安穆·艾兰,,,"[16.13, 10.99]",762,0
漆黑,18,20,采掘,ペタライト原石,Raw Petalite,透锂长石原石,普通时限，未知点,普通时限，未知点,78,レイクランド,Lakeland,雷克兰德,,,"[28.17, 33.21]",607,0
漆黑,18,20,采掘,収集用のラズライト原石,Rarefied Raw Lazurite,收藏用青金石原石,白票收藏品,白票收藏品,73,ラケティカ大森林,The Rak'tika Greatwood,拉凯提卡大森林,,,"[16.5, 18.18]",332,0
漆黑,18,20,采掘,ダイアスポア原石,Raw Diaspore,硬水铝石原石,普通时限，未知点,普通时限，未知点,72,イル・メグ,Il Mheg,伊尔美格,,,"[26.48, 13.29]",604,0
红莲,18,20,园艺,ハロードバジル,Hallowed Basil,祝圣罗勒草,传说1星,传说1星,70,ギラバニア山岳地帯,The Peaks,基拉巴尼亚山区,,,"[24.08, 16.56]",524,0
红莲,18,20,园艺,トレヤ原木,Torreya Log,榧木原木,传说1星,传说1星,70,ギラバニア湖畔地帯,The Lochs,基拉巴尼亚湖区,,,"[11.89, 12.73]",527,0
红莲,18,20,采掘,夜鉄鉱,Nightsteel Ore,夜铁矿,传说2星,传说2星,70,紅玉海,The Ruby Sea,红玉海,,,"[10.93, 22.56]",535,0
红莲,18,20,采掘,鷹目石,Hawk's Eye,鹰眼石,传说2星,传说2星,70,紅玉海,The Ruby Sea,红玉海,,,"[10.93, 22.56]",535,0
红莲,18,20,采掘,収集用の清銀鉱,Rarefied Silvergrace Ore,收藏用清银矿,白票收藏品,白票收藏品,69,アジムステップ,The Azim Steppe,太阳神草原,,,"[36.01, 26.42]",328,0
红莲,18,20,采掘,インペリアルジェード原石,Raw Imperial Jade,琅玕原石,普通时限，未知点,普通时限，未知点,68,ヤンサ,Yanxia,延夏,,,"[29.87, 9.35]",500,0
红莲,18,20,采掘,収集用のアズライト原石,Rarefied Raw Azurite,收藏用石青原石,白票收藏品,白票收藏品,67,アジムステップ,The Azim Steppe,太阳神草原,,,"[36.01, 26.42]",328,0
苍天,18,20,采掘,ブルークォーツ,Blue Quartz,绀碧石英,传说1星,传说1星,60,低地ドラヴァニア,The Dravanian Hinterlands,龙堡内陆低地,,,"[9.95, 14.57]",325,0
苍天,18,20,园艺,バニラビーンズ,Vanilla Beans,香草豆,传说1星,传说1星,60,クルザス西部高地,Coerthas Western Highlands,库尔札斯西部高地,,,"[21.33, 20.36]",345,0
苍天,18,20,园艺,ドラヴァニアパプリカ,Dravanian Paprika,龙堡红辣椒,传说1星,传说1星,60,クルザス西部高地,Coerthas Western Highlands,库尔札斯西部高地,,,"[21.33, 20.36]",345,0
苍天,18,20,园艺,雪綿,Frost Cotton Boll,雪棉,传说1星,传说1星,60,クルザス西部高地,Coerthas Western Highlands,库尔札斯西部高地,,,"[21.33, 20.36]",345,0
苍天,18,20,采掘,輝金鉱,Luminium Ore,辉金矿,传说3星,传说3星,60,アジス・ラー,Azys Lla,魔大陆阿济兹拉,,,"[3.5, 14.95]",291,0
苍天,18,20,园艺,ノーブルセージ,Noble Sage,显贵鼠尾草,传说3星,传说3星,60,高地ドラヴァニア,The Dravanian Forelands,龙堡参天高地,,,"[34.31, 28.22]",301,0
苍天,18,20,园艺,アバラシアミスルトゥ,Abalathian Mistletoe,阿巴拉提亚槲寄生,普通时限，未知点,普通时限，未知点,58,アバラシア雲海,The Sea of Clouds,阿巴拉提亚云海,,,"[35.49, 20.28]",342,0
苍天,18,20,园艺,ヘヴンズドレモン,Heavens Lemon,伊修加德柠檬,普通时限，未知点,普通时限，未知点,56,アバラシア雲海,The Sea of Clouds,阿巴拉提亚云海,,,"[35.49, 20.28]",342,0
新生,18,21,采掘,ルビー原石,Raw Ruby,红宝石原石,传说2星,传说2星,50,低地ラノシア,Lower La Noscea,拉诺西亚低地,,,"[23.76, 21.64]",238,0
新生,18,21,采掘,サファイア原石,Raw Sapphire,蓝宝石原石,传说2星,传说2星,50,低地ラノシア,Lower La Noscea,拉诺西亚低地,,,"[23.76, 21.64]",238,0
新生,18,21,采掘,グレガリアスワーム,Gregarious Worm,群居蠕虫,传说2星,传说2星,50,低地ラノシア,Lower La Noscea,拉诺西亚低地,,,"[23.76, 21.64]",238,0
新生,18,21,采掘,無属性クリスタル,Unaspected Crystal,无属性水晶,传说1星,传说1星,50,低地ラノシア,Lower La Noscea,拉诺西亚低地,,,"[23.76, 21.64]",238,0
新生,18,21,采掘,ダークマタークラスター,Dark Matter Cluster,暗物质晶簇,传说2星,传说2星,50,低地ラノシア,Lower La Noscea,拉诺西亚低地,,,"[23.76, 21.64]",238,0
新生,19,22,采掘,ラノシアンソイルG3,Grade 3 La Noscean Topsoil,3级拉诺西亚土壤,传说1星,传说1星,50,中央ラノシア,Middle La Noscea,中拉诺西亚,,,"[24.34, 27.03]",239,0
新生,19,22,采掘,ファイアクラスター,Fire Cluster,火之晶簇,晶簇,晶簇,50,中央ラノシア,Middle La Noscea,中拉诺西亚,,,"[24.34, 27.03]",239,0
新生,19,22,采掘,無属性クリスタル,Unaspected Crystal,无属性水晶,传说1星,传说1星,50,中央ラノシア,Middle La Noscea,中拉诺西亚,,,"[24.34, 27.03]",239,0
新生,19,22,采掘,ダークマタークラスター,Dark Matter Cluster,暗物质晶簇,传说2星,传说2星,50,中央ラノシア,Middle La Noscea,中拉诺西亚,,,"[24.34, 27.03]",239,0
晓月,20,22,园艺,収集用のカエアン綿,Rarefied AR-Caean Cotton Boll,收藏用迷彩棉,紫票收藏品,紫票收藏品,90,ウルティマ・トゥーレ,Ultima Thule,天外天垓,第一个水晶,,"[9.47, 33.23]",855,0
晓月,20,22,园艺,天然香辛料,Potent Spice,天然香料,传说,传说,90,サベネア島,Thavnair,萨维奈岛,第一个水晶,,"[25.3, 21.7]",857,0
晓月,20,22,园艺,金マユ,Golden Cocoon,金茧,传说1星,传说1星,90,サベネア島,Thavnair,萨维奈岛,第三个水晶,,"[25.3, 21.7]",857,0
晓月,20,22,采掘,イルメナイト,Ilmenite,钛铁矿,传说2星,传说2星,90,嘆きの海,Mare Lamentorum,叹息海,第一个水晶,,"[29.63,22.4]",346,6.2
晓月,20,22,园艺,サベネアンコーン,Thavnairian Corn,萨维奈玉米,传说1星,传说1星,90,サベネア島,Thavnair,萨维奈岛,第三个水晶,,"[25.3, 21.7]",857,0
漆黑,20,22,采掘,収集用のオニキス原石,Rarefied Raw Onyx,收藏用黑玛瑙原石,白票收藏品,白票收藏品,80,テンペスト,The Tempest,黑风海,,,"[25.12, 4.48]",334,0
漆黑,20,22,园艺,泡マユ,Ethereal Cocoon,泡茧,传说1星,传说1星,80,レイクランド,Lakeland,雷克兰德,,,"[26.48, 10.11]",634,0
漆黑,20,22,园艺,メルバウ原木,Merbau Log,印茄原木,传说2星,传说2星,80,イル・メグ,Il Mheg,伊尔美格,,,"[36.53, 27.43]",683,0
漆黑,20,22,采掘,苦灰石,Dolomite,苦灰石,传说3星,传说3星,80,ラケティカ大森林,The Rak'tika Greatwood,拉凯提卡大森林,,,"[7.59, 30.23]",760,0
漆黑,20,22,采掘,収集用の海塩,Rarefied Sea Salt,收藏用海盐,白票收藏品,白票收藏品,77,テンペスト,The Tempest,黑风海,,,"[25.12, 4.48]",334,0
漆黑,20,22,园艺,ラセットポポト,Russet Popoto,黄新薯,普通时限，未知点,普通时限，未知点,76,アム・アレーン,Amh Araeng,安穆·艾兰,,,"[19.34, 16.92]",630,0
漆黑,20,22,园艺,収集用のホワイトオーク原木,Rarefied White Oak Log,收藏用白橡木原木,白票收藏品,白票收藏品,73,コルシア島,Kholusia,珂露西亚岛,,,"[27.95, 32.79]",774,0
红莲,20,22,采掘,ロードナイト原石,Raw Rhodonite,蔷薇辉石原石,普通时限，未知点,普通时限，未知点,70,ギラバニア山岳地帯,The Peaks,基拉巴尼亚山区,,,"[27.01, 12.61]",499,0
红莲,20,22,采掘,硬拳石,Pummelite,硬拳石,普通时限，未知点,普通时限，未知点,70,ギラバニア山岳地帯,The Peaks,基拉巴尼亚山区,,,"[27.01, 12.61]",499,0
红莲,20,22,采掘,清銀鉱,Silvergrace Ore,清银矿,传说2星,传说2星,70,アジムステップ,The Azim Steppe,太阳神草原,,,"[24.14, 37.22]",536,0
红莲,20,22,采掘,アジム湧水,Azim Spring Water,太阳神泉水,传说2星,传说2星,70,アジムステップ,The Azim Steppe,太阳神草原,,,"[24.14, 37.22]",536,0
红莲,20,22,园艺,蓮根,Lotus Root,莲藕,普通时限，未知点,普通时限，未知点,66,ヤンサ,Yanxia,延夏,,,"[28.09, 7.79]",525,0
红莲,20,22,采掘,収集用のカイヤナイト原石,Rarefied Raw Kyanite,收藏用蓝晶石原石,白票收藏品,白票收藏品,65,ギラバニア辺境地帯,The Fringes,基拉巴尼亚边区,,,"[29.63, 12.93]",310,0
红莲,20,22,采掘,収集用のトリフェーン原石,Rarefied Raw Triphane,收藏用锂辉石原石,白票收藏品,白票收藏品,61,ギラバニア辺境地帯,The Fringes,基拉巴尼亚边区,,,"[29.63, 12.93]",310,0
苍天,20,22,园艺,カベイジの野菜,Chysahl Greens,卡贝基野菜,普通时限，未知点,普通时限，未知点,60,クルザス西部高地,Coerthas Western Highlands,库尔札斯西部高地,,,"[6.96, 8.73]",344,0
苍天,20,22,园艺,カンファー古木,Old-growth Camphorwood Log,樟木古树,传说1星,传说1星,60,ドラヴァニア雲海,The Churning Mists,翻云雾海,,,"[8.29, 7.99]",395,0
苍天,20,22,园艺,樹液結晶,Crystallized Sap,树汁结晶,传说1星,传说1星,60,ドラヴァニア雲海,The Churning Mists,翻云雾海,,,"[8.29, 7.99]",395,0
苍天,20,22,采掘,菱亜鉛鉱,Smithsonite Ore,菱锌矿,传说1星,传说1星,60,アバラシア雲海,The Sea of Clouds,阿巴拉提亚云海,,,"[37.26, 13.09]",397,0
苍天,20,22,采掘,メテオライト,Meteorite,陨石,传说1星,传说1星,60,アバラシア雲海,The Sea of Clouds,阿巴拉提亚云海,,,"[37.26, 13.09]",397,0
苍天,20,22,采掘,沸石,Zeolite Ore,沸石,传说3星,传说3星,60,低地ドラヴァニア,The Dravanian Hinterlands,龙堡内陆低地,,,"[15.18, 29.61]",290,0
晓月,20,24,采掘,闇性岩,Ghostly Umbral Rock,暗性岩,精选巨岩灵砂,精选巨岩灵砂,90,ガレマルド,Garlemald,加雷马,第一个水晶,,"[10.11, 15.31]",828,0
漆黑,20,24,园艺,ライトニングミント,Levin Mint,雷霆薄荷,精选雷之晶簇,精选雷之晶簇,80,コルシア島,Kholusia,珂露西亚岛,,,"[18.66, 7.77]",626,0
漆黑,20,24,园艺,白玉土,White Clay,白玉土,精选闪光灵砂,精选闪光灵砂,76,コルシア島,Kholusia,珂露西亚岛,,,"[18.66, 7.77]",626,0
红莲,20,24,采掘,ヤンサ沃土,Yanxian Soil,延夏沃土,精选黄昏灵砂,精选黄昏灵砂,70,ヤンサ,Yanxia,延夏,,,"[28.97, 6.71]",492,0
红莲,20,24,采掘,パーライト,Perlite,珍珠岩,普通时限，精选点,普通时限，精选点,66,ヤンサ,Yanxia,延夏,,,"[28.97, 6.71]",492,0
红莲,20,24,采掘,デイサイト,Dacite,英安岩,精选悠久灵砂,精选悠久灵砂,66,ヤンサ,Yanxia,延夏,,,"[28.97, 6.71]",492,0
苍天,20,24,采掘,レイディアントアストラルグラベル,Radiant Astral Moraine,星光砾,精选白光灵砂,精选白光灵砂,60,クルザス西部高地,Coerthas Western Highlands,库尔札斯西部高地,,,"[22.51, 19.94]",305,0
苍天,20,24,采掘,レイディアントライトニンググラベル,Radiant Lightning Moraine,雷光砾,精选大地灵砂,精选大地灵砂,60,クルザス西部高地,Coerthas Western Highlands,库尔札斯西部高地,,,"[22.51, 19.94]",305,0
苍天,20,24,园艺,クラリーセージ,Clary Sage,鼠尾草,普通时限，精选点,普通时限，精选点,60,アバラシア雲海,The Sea of Clouds,阿巴拉提亚云海,,,"[12.31, 19.56]",327,0
苍天,20,24,园艺,ワイルドセージ,Wild Sage,野生鼠尾草,精选大树灵砂,精选大树灵砂,60,アバラシア雲海,The Sea of Clouds,阿巴拉提亚云海,,,"[12.31, 19.56]",327,0
苍天,20,24,园艺,メネフィナローレル,Lover's Laurel,梅茵菲娜月桂,精选白光灵砂,精选白光灵砂,60,アバラシア雲海,The Sea of Clouds,阿巴拉提亚云海,,,"[12.31, 19.56]",327,0
苍天,20,24,采掘,強雷性岩,Bright Lightning Rock,强雷性岩,精选晓光灵砂,精选晓光灵砂,58,クルザス西部高地,Coerthas Western Highlands,库尔札斯西部高地,,,"[22.51, 19.94]",305,0
苍天,20,24,园艺,スペアミント,Furymint,留兰,普通时限，精选点,普通时限，精选点,58,アバラシア雲海,The Sea of Clouds,阿巴拉提亚云海,,,"[12.31, 19.56]",327,0
苍天,20,24,园艺,ウォーターミント,Water Mint,水薄荷,精选晓光灵砂,精选晓光灵砂,58,アバラシア雲海,The Sea of Clouds,阿巴拉提亚云海,,,"[12.31, 19.56]",327,0
苍天,20,24,采掘,ライトニンググラベル,Lightning Moraine,雷砂砾,精选微光灵砂,精选微光灵砂,56,クルザス西部高地,Coerthas Western Highlands,库尔札斯西部高地,,,"[22.51, 19.94]",305,0
苍天,20,24,园艺,オレガノ,Highland Oregano,牛至,普通时限，精选点,普通时限，精选点,56,アバラシア雲海,The Sea of Clouds,阿巴拉提亚云海,,,"[12.31, 19.56]",327,0
苍天,20,24,园艺,ポットマジョラム,Pot Marjoram,盆栽墨角兰,精选微光灵砂,精选微光灵砂,56,アバラシア雲海,The Sea of Clouds,阿巴拉提亚云海,,,"[12.31, 19.56]",327,0
苍天,20,24,采掘,ライトニングクラスター,Lightning Cluster,雷之晶簇,晶簇,晶簇,50,クルザス西部高地,Coerthas Western Highlands,库尔札斯西部高地,,,"[22.51, 19.94]",305,0
苍天,20,24,园艺,ウィンドクラスター,Wind Cluster,风之晶簇,晶簇,晶簇,50,アバラシア雲海,The Sea of Clouds,阿巴拉提亚云海,,,"[12.31, 19.56]",327,0
红莲,20,24,采掘,ファイアクラスター,Fire Cluster,火之晶簇,晶簇,晶簇,50,ヤンサ,Yanxia,延夏,,,"[28.97, 6.71]",492,0
漆黑,20,24,园艺,アイスクラスター,Ice Cluster,冰之晶簇,晶簇,晶簇,50,コルシア島,Kholusia,珂露西亚岛,,,"[18.66, 7.77]",626,0
晓月,20,24,采掘,ライトニングクラスター,Lightning Cluster,雷之晶簇,晶簇,晶簇,50,ガレマルド,Garlemald,加雷马,第一个水晶,,"[10.11, 15.31]",828,0
苍天,20,24,采掘,ライトニングクリスタル,Lightning Crystal,雷之水晶,水晶,水晶,26,クルザス西部高地,Coerthas Western Highlands,库尔札斯西部高地,,,"[22.51, 19.94]",305,0
苍天,20,24,园艺,ウィンドクリスタル,Wind Crystal,风之水晶,水晶,水晶,26,アバラシア雲海,The Sea of Clouds,阿巴拉提亚云海,,,"[12.31, 19.56]",327,0
红莲,20,24,采掘,ファイアクリスタル,Fire Crystal,火之水晶,水晶,水晶,26,ヤンサ,Yanxia,延夏,,,"[28.97, 6.71]",492,0
漆黑,20,24,园艺,アイスクリスタル,Ice Crystal,冰之水晶,水晶,水晶,26,コルシア島,Kholusia,珂露西亚岛,,,"[18.66, 7.77]",626,0
晓月,20,24,采掘,ライトニングクリスタル,Lightning Crystal,雷之水晶,水晶,水晶,26,ガレマルド,Garlemald,加雷马,第一个水晶,,"[10.11, 15.31]",828,0
新生,21,24,园艺,トリリウムの球根,Trillium Bulb,延龄草的球根,传说1星,传说1星,50,黒衣森：東部森林,East Shroud,黑衣森林东部林区,,,"[13.81, 23.84]",218,0
新生,21,24,园艺,ミニマンドラゴラ,Kidragora,小小蔓德拉,传说1星,传说1星,50,黒衣森：東部森林,East Shroud,黑衣森林东部林区,,,"[13.81, 23.84]",218,0
新生,21,24,园艺,マズラヤの野草,Mazlaya Greens,马兹拉雅草,传说1星,传说1星,50,黒衣森：東部森林,East Shroud,黑衣森林东部林区,,,"[13.81, 23.84]",218,0
新生,21,24,园艺,無属性クリスタル,Unaspected Crystal,无属性水晶,传说1星,传说1星,50,黒衣森：東部森林,East Shroud,黑衣森林东部林区,,,"[13.81, 23.84]",218,0
新生,21,24,园艺,ダークマタークラスター,Dark Matter Cluster,暗物质晶簇,传说2星,传说2星,50,黒衣森：東部森林,East Shroud,黑衣森林东部林区,,,"[13.81, 23.84]",218,0
新生,21,24,采掘,星性岩,Astral Rock,星性岩,传说1星,传说1星,50,クルザス中央高地,Coerthas Central Highlands,库尔札斯中央高地,,,"[23.4, 24.68]",225,0
新生,21,24,采掘,無属性クリスタル,Unaspected Crystal,无属性水晶,传说1星,传说1星,50,クルザス中央高地,Coerthas Central Highlands,库尔札斯中央高地,,,"[23.4, 24.68]",225,0
新生,21,24,采掘,ダークマタークラスター,Dark Matter Cluster,暗物质晶簇,传说2星,传说2星,50,クルザス中央高地,Coerthas Central Highlands,库尔札斯中央高地,,,"[23.4, 24.68]",225,0
新生,21,24,采掘,ファイアクラスター,Fire Cluster,火之晶簇,晶簇,晶簇,50,モードゥナ,Mor Dhona,摩杜纳,,,"[27.83, 10.93]",227,0
新生,21,24,采掘,アイスクラスター,Ice Cluster,冰之晶簇,晶簇,晶簇,50,モードゥナ,Mor Dhona,摩杜纳,,,"[27.83, 10.93]",227,0
新生,21,24,采掘,ウィンドクラスター,Wind Cluster,风之晶簇,晶簇,晶簇,50,モードゥナ,Mor Dhona,摩杜纳,,,"[27.83, 10.93]",227,0
新生,21,24,采掘,アースクラスター,Earth Cluster,土之晶簇,晶簇,晶簇,50,モードゥナ,Mor Dhona,摩杜纳,,,"[27.83, 10.93]",227,0
新生,21,24,采掘,ライトニングクラスター,Lightning Cluster,雷之晶簇,晶簇,晶簇,50,モードゥナ,Mor Dhona,摩杜纳,,,"[27.83, 10.93]",227,0
新生,21,24,采掘,ウォータークラスター,Water Cluster,水之晶簇,晶簇,晶簇,50,モードゥナ,Mor Dhona,摩杜纳,,,"[27.83, 10.93]",227,0
新生,21,24,采掘,無属性クリスタル,Unaspected Crystal,无属性水晶,传说1星,传说1星,50,モードゥナ,Mor Dhona,摩杜纳,,,"[27.83, 10.93]",227,0
新生,21,24,采掘,ダークマタークラスター,Dark Matter Cluster,暗物质晶簇,传说2星,传说2星,50,モードゥナ,Mor Dhona,摩杜纳,,,"[27.83, 10.93]",227,0
晓月,22,24,采掘,収集用の鉄雲母,Rarefied Annite,收藏用铁云母,紫票收藏品,紫票收藏品,90,エルピス,Elpis,厄尔庇斯,第二个水晶,,"[8.25, 36.59]",832,0
晓月,22,24,园艺,天然香辛料,Potent Spice,天然香料,传说,传说,90,ウルティマ・トゥーレ,Ultima Thule,天外天垓,第一个水晶,,"[28.11, 13.23]",858,0
晓月,22,24,园艺,迷い草,Double-edged Herb,迷途草,传说1星,传说1星,90,ウルティマ・トゥーレ,Ultima Thule,天外天垓,第二个水晶,,"[28.11, 13.23]",858,0
晓月,22,24,采掘,灰緑珪藻土,Ash Diatomite,灰绿硅藻土,传说2星,传说2星,90,ラヴィリンソス,Labyrinthos,迷津,第三个水晶,,"[11.15,21.42]",400,6.2
晓月,22,24,园艺,不定性結晶花,Prime Crystalbloom,不定性结晶花,高难精选,高难精选,90,ウルティマ・トゥーレ,Ultima Thule,天外天垓,第二个水晶,,"[28.11, 13.23]",858,6.2
晓月,22,24,采掘,収集用のブルージルコン原石,Rarefied Blue Zircon,收藏用蓝锆石原石,白票收藏品,白票收藏品,89,エルピス,Elpis,厄尔庇斯,第二个水晶,,"[8.25, 36.59]",832,0
漆黑,22,24,采掘,収集用のギラバニアアルメン,Rarefied Gyr Abanian Alumen,收藏用基拉巴尼亚明矾,白票收藏品,白票收藏品,80,ギラバニア辺境地帯,The Fringes,基拉巴尼亚边区,,,"[31.59, 31.41]",767,0
漆黑,22,24,采掘,タングステン鉱,Tungsten Ore,重钨矿,传说1星,传说1星,80,テンペスト,The Tempest,黑风海,,,"[32.85, 7.69]",610,0
漆黑,22,24,采掘,アッシュアルメン,Ashen Alumen,灰明矾,传说2星,传说2星,80,アム・アレーン,Amh Araeng,安穆·艾兰,,,"[20.18, 8.61]",713,0
漆黑,22,24,园艺,蒼綿花,Raindrop Cotton Boll,苍棉花,传说3星,传说3星,80,ラケティカ大森林,The Rak'tika Greatwood,拉凯提卡大森林,,,"[33.75, 13.31]",763,0
漆黑,22,24,园艺,収集用のミラクルアップル原木,Rarefied Miracle Apple Log,收藏用仙果木原木,白票收藏品,白票收藏品,75,イル・メグ,Il Mheg,伊尔美格,,,"[4.04, 23.12]",773,0
漆黑,22,24,园艺,ペパーミント,Peppermint,欧薄荷,普通时限，未知点,普通时限，未知点,74,レイクランド,Lakeland,雷克兰德,,,"[26.28, 20.68]",629,0
漆黑,22,24,园艺,収集用のピクシーアップル,Rarefied Pixie Apple,收藏用仙子苹果,白票收藏品,白票收藏品,71,イル・メグ,Il Mheg,伊尔美格,,,"[4.04, 23.12]",773,0
红莲,22,24,采掘,クロマイト,Chromite Ore,铬铁矿,传说1星,传说1星,70,ギラバニア山岳地帯,The Peaks,基拉巴尼亚山区,,,"[15.93, 33.95]",503,0
红莲,22,24,采掘,ギラバニア清水,Gyr Abanian Spring Water,基拉巴尼亚清水,传说1星,传说1星,70,ギラバニア山岳地帯,The Peaks,基拉巴尼亚山区,,,"[15.93, 33.95]",503,0
红莲,22,24,采掘,常輝鉱,Evergleam Ore,常辉矿,传说3星,传说3星,70,ギラバニア湖畔地帯,The Lochs,基拉巴尼亚湖区,,,"[21.76, 13.53]",556,0
红莲,22,24,采掘,収集用のスタースピネル原石,Rarefied Raw Star Spinel,收藏用星尖石原石,白票收藏品,白票收藏品,63,紅玉海,The Ruby Sea,红玉海,,,"[21.2, 34.35]",312,0
红莲,22,24,园艺,タケノコ,Bamboo Shoot,竹笋,普通时限，未知点,普通时限，未知点,63,ヤンサ,Yanxia,延夏,,,"[28.83, 25.58]",522,0
苍天,22,24,采掘,レッドアルメン,Red Alumen,红明矾,传说1星,传说1星,60,アジス・ラー,Azys Lla,魔大陆阿济兹拉,,,"[35.7, 13.96]",326,0
苍天,22,24,园艺,スナーブルベリー,Snurbleberry,鲜红罗兰莓,传说1星,传说1星,60,低地ドラヴァニア,The Dravanian Hinterlands,龙堡内陆低地,,,"[38.72, 22.79]",349,0
苍天,22,24,园艺,ブラウンマッシュルーム,Brown Mushroom,棕菇,传说3星,传说3星,60,ドラヴァニア雲海,The Churning Mists,翻云雾海,,,"[8.67, 37.89]",299,0
苍天,22,24,采掘,レッドクォーツ,Red Quartz,深绯石英,普通时限，未知点,普通时限，未知点,58,アバラシア雲海,The Sea of Clouds,阿巴拉提亚云海,,,"[5.91, 5.74]",318,0
苍天,22,24,采掘,アバラシア岩塩,Abalathian Rock Salt,阿巴拉提亚岩盐,普通时限，未知点,普通时限，未知点,56,アバラシア雲海,The Sea of Clouds,阿巴拉提亚云海,,,"[5.91, 5.74]",318,0
苍天,22,24,园艺,チャイブ,Chives,库尔札斯青葱,普通时限，未知点,普通时限，未知点,55,クルザス西部高地,Coerthas Western Highlands,库尔札斯西部高地,,,"[30.52, 17.69]",339,0
苍天,22,24,园艺,収集用のダークチェスナットの枝,Rarefied Dark Chestnut Branch,收藏用暗栗树枝,白票收藏品,白票收藏品,55,高地ドラヴァニア,The Dravanian Forelands,龙堡参天高地,,,"[28.48, 29.4]",768,0
苍天,22,24,园艺,クルザス茶葉,Coerthan Tea Leaves,库尔札斯茶叶,普通时限，未知点,普通时限，未知点,53,クルザス西部高地,Coerthas Western Highlands,库尔札斯西部高地,,,"[30.52, 17.69]",339,0
苍天,22,24,园艺,クルザス茶樹の種,Coerthan Tea Seeds,库尔札斯茶树种子,普通时限，未知点,普通时限，未知点,53,クルザス西部高地,Coerthas Western Highlands,库尔札斯西部高地,,,"[30.52, 17.69]",339,0
苍天,22,24,园艺,収集用のダークチェスナット原木,Rarefied Dark Chestnut Log,收藏用暗栗木原木,白票收藏品,白票收藏品,53,高地ドラヴァニア,The Dravanian Forelands,龙堡参天高地,,,"[28.48, 29.4]",768,0
苍天,22,24,园艺,プチキャベツ,Pearl Sprouts,小包心菜,普通时限，未知点,普通时限，未知点,52,クルザス西部高地,Coerthas Western Highlands,库尔札斯西部高地,,,"[30.52, 17.69]",339,0
苍天,22,24,园艺,プチキャベツの種,Pearl Sprout Seeds,小包心菜种子,普通时限，未知点,普通时限，未知点,52,クルザス西部高地,Coerthas Western Highlands,库尔札斯西部高地,,,"[30.52, 17.69]",339,0
苍天,22,24,园艺,収集用のダークチェスナット樹液,Rarefied Dark Chestnut Sap,收藏用暗栗木树液,白票收藏品,白票收藏品,51,高地ドラヴァニア,The Dravanian Forelands,龙堡参天高地,,,"[28.48, 29.4]",768,0
